ORIGINAL_SEQ;SV_TYPE;BP_1;BP_2;NEW_SEQ;CHR_NAME
TTGGAGGGAAAATTACAATACTAGGTATTAAGACTACAGTTACTGCAACTCAAAAAGTATATAGAAAAGGGTGTGAATTATAAGTAGTTACAAAGTTCTGGGGCCCATTTAAGTCTGGGTATTATGTAGAAGCTTAACCAGGTGGTTGTGAAATTTTGCAATTGATATGAAATATTTATTT;0;0;0;TTGGAGGGAAAATTACAATACTAGGTATTAAGACTACAGTTACTGCAACTCAAAAAGTATATAGAAAAGGGTGTGAATTATAAGTAGTTACAAAGTTCTGGGGCCCATTTAAGTCTGGGTATTATGTAGAAGCTTAACCAGGTGGTTGTGAAATTTTGCAATTGATATGAAATATTTATTT;chr21
TTGGAGGGAAAATTACAATACTAGGTATTAAGACTACAGTTACTGCAACTCAAAAAGTATATAGAAAAGGGTGTGAATTATAAGTAGTTACAAAGTTCTGGGGCCCATTTAAGTCTGGGTATTATGTAGAAGCTTAACCAGGTGGTTGTGAAATTTTGCAATTGATATGAAATATTTATTT;4;10;142;TTGGAGGGAAGGACCAATTCGAAGATGTATTATGGGTCTGAATTTACCCGGGGTCTTGAAACATTGATGAATATTAAGTGTGGGAAAAGATATATGAAAAACTCAACGTCATTGACATCAGAATTATGGATCATAACATTAATGGTTGTGAAATTTTGCAATTGATATGAAATATTTATTT;chr21
TTGGAGGGAAAATTACAATACTAGGTATTAAGACTACAGTTACTGCAACTCAAAAAGTATATAGAAAAGGGTGTGAATTATAAGTAGTTACAAAGTTCTGGGGCCCATTTAAGTCTGGGTATTATGTAGAAGCTTAACCAGGTGGTTGTGAAATTTTGCAATTGATATGAAATATTTATTT;3;34;90;TTGGAGGGAAAATTACAATACTAGGTATTAAGACGTCTAAAACAAGTGCTGCTTTTATCCTCTCAAAACTCATGGTATGTAAGAAGCAACTACAGTTACTGCAACTCAAAAAGTATATAGAAAAGGGTGTGAATTATAAGTAGTTACAAAGTTCTGGGGCCCATTTAAGTCTGGGTATTATGTAGAAGCTTAACCAGGTGGTTGTGAAATTTTGCAATTGATATGAAATATTTATTT;chr21
TTGGAGGGAAAATTACAATACTAGGTATTAAGACTACAGTTACTGCAACTCAAAAAGTATATAGAAAAGGGTGTGAATTATAAGTAGTTACAAAGTTCTGGGGCCCATTTAAGTCTGGGTATTATGTAGAAGCTTAACCAGGTGGTTGTGAAATTTTGCAATTGATATGAAATATTTATTT;4;2;179;TTTATTTATAAAGTATAGTTAACGTTTTAAAGTGTTGGTGGACCAATTCGAAGATGTATTATGGGTCTGAATTTACCCGGGGTCTTGAAACATTGATGAATATTAAGTGTGGGAAAAGATATATGAAAAACTCAACGTCATTGACATCAGAATTATGGATCATAACATTAAAAGGGAGGTT;chr21
TTGGAGGGAAAATTACAATACTAGGTATTAAGACTACAGTTACTGCAACTCAAAAAGTATATAGAAAAGGGTGTGAATTATAAGTAGTTACAAAGTTCTGGGGCCCATTTAAGTCTGGGTATTATGTAGAAGCTTAACCAGGTGGTTGTGAAATTTTGCAATTGATATGAAATATTTATTT;2;79;177;TTGGAGGGAAAATTACAATACTAGGTATTAAGACTACAGTTACTGCAACTCAAAAAGTATATAGAAAAGGGTGTGAATTATAAGTAGTTACAAAGTTCTGGGGCCCATTTAAGTCTGGGTATTATGTAGAAGCTTAACCAGGTGGTTGTGAAATTTTGCAATTGATATGAAATATTTATAAGTAGTTACAAAGTTCTGGGGCCCATTTAAGTCTGGGTATTATGTAGAAGCTTAACCAGGTGGTTGTGAAATTTTGCAATTGATATGAAATATTTATTT;chr21
TTGGAGGGAAAATTACAATACTAGGTATTAAGACTACAGTTACTGCAACTCAAAAAGTATATAGAAAAGGGTGTGAATTATAAGTAGTTACAAAGTTCTGGGGCCCATTTAAGTCTGGGTATTATGTAGAAGCTTAACCAGGTGGTTGTGAAATTTTGCAATTGATATGAAATATTTATTT;4;72;181;TTGGAGGGAAAATTACAATACTAGGTATTAAGACTACAGTTACTGCAACTCAAAAAGTATATAGAAAAGGGTTTTATTTATAAAGTATAGTTAACGTTTTAAAGTGTTGGTGGACCAATTCGAAGATGTATTATGGGTCTGAATTTACCCGGGGTCTTGAAACATTGATGAATATTAAGTG;chr21
TTGGAGGGAAAATTACAATACTAGGTATTAAGACTACAGTTACTGCAACTCAAAAAGTATATAGAAAAGGGTGTGAATTATAAGTAGTTACAAAGTTCTGGGGCCCATTTAAGTCTGGGTATTATGTAGAAGCTTAACCAGGTGGTTGTGAAATTTTGCAATTGATATGAAATATTTATTT;3;14;108;TTGGAGGGAAAATTAAATAATTAAATAAATGCTTGCTGCTTaaaaaaggaaaaaaattgaaaacgttattttgaagacttgtagccaagaaaaattagaatttagctgACAATACTAGGTATTAAGACTACAGTTACTGCAACTCAAAAAGTATATAGAAAAGGGTGTGAATTATAAGTAGTTACAAAGTTCTGGGGCCCATTTAAGTCTGGGTATTATGTAGAAGCTTAACCAGGTGGTTGTGAAATTTTGCAATTGATATGAAATATTTATTT;chr21
TTGGAGGGAAAATTACAATACTAGGTATTAAGACTACAGTTACTGCAACTCAAAAAGTATATAGAAAAGGGTGTGAATTATAAGTAGTTACAAAGTTCTGGGGCCCATTTAAGTCTGGGTATTATGTAGAAGCTTAACCAGGTGGTTGTGAAATTTTGCAATTGATATGAAATATTTATTT;4;34;93;TTGGAGGGAAAATTACAATACTAGGTATTAAGACAACATTGATGAATATTAAGTGTGGGAAAAGATATATGAAAAACTCAACGTCATTGACATAGTTCTGGGGCCCATTTAAGTCTGGGTATTATGTAGAAGCTTAACCAGGTGGTTGTGAAATTTTGCAATTGATATGAAATATTTATTT;chr21
TTGGAGGGAAAATTACAATACTAGGTATTAAGACTACAGTTACTGCAACTCAAAAAGTATATAGAAAAGGGTGTGAATTATAAGTAGTTACAAAGTTCTGGGGCCCATTTAAGTCTGGGTATTATGTAGAAGCTTAACCAGGTGGTTGTGAAATTTTGCAATTGATATGAAATATTTATTT;4;1;181;TTTTATTTATAAAGTATAGTTAACGTTTTAAAGTGTTGGTGGACCAATTCGAAGATGTATTATGGGTCTGAATTTACCCGGGGTCTTGAAACATTGATGAATATTAAGTGTGGGAAAAGATATATGAAAAACTCAACGTCATTGACATCAGAATTATGGATCATAACATTAAAAGGGAGGT;chr21
TTGGAGGGAAAATTACAATACTAGGTATTAAGACTACAGTTACTGCAACTCAAAAAGTATATAGAAAAGGGTGTGAATTATAAGTAGTTACAAAGTTCTGGGGCCCATTTAAGTCTGGGTATTATGTAGAAGCTTAACCAGGTGGTTGTGAAATTTTGCAATTGATATGAAATATTTATTT;3;91;226;TTGGAGGGAAAATTACAATACTAGGTATTAAGACTACAGTTACTGCAACTCAAAAAGTATATAGAAAAGGGTGTGAATTATAAGTAGTTACcattccattccatccctttcgagaccattcaattccattccattccattcgagcccattccattccattccattcgagtccattccatagcattcctttccattcgagtacattccattctattccattagattcAAAGTTCTGGGGCCCATTTAAGTCTGGGTATTATGTAGAAGCTTAACCAGGTGGTTGTGAAATTTTGCAATTGATATGAAATATTTATTT;chr21
TTGGAGGGAAAATTACAATACTAGGTATTAAGACTACAGTTACTGCAACTCAAAAAGTATATAGAAAAGGGTGTGAATTATAAGTAGTTACAAAGTTCTGGGGCCCATTTAAGTCTGGGTATTATGTAGAAGCTTAACCAGGTGGTTGTGAAATTTTGCAATTGATATGAAATATTTATTT;2;1;180;TTGGAGGGAAAATTACAATACTAGGTATTAAGACTACAGTTACTGCAACTCAAAAAGTATATAGAAAAGGGTGTGAATTATAAGTAGTTACAAAGTTCTGGGGCCCATTTAAGTCTGGGTATTATGTAGAAGCTTAACCAGGTGGTTGTGAAATTTTGCAATTGATATGAAATATTTATTTGGAGGGAAAATTACAATACTAGGTATTAAGACTACAGTTACTGCAACTCAAAAAGTATATAGAAAAGGGTGTGAATTATAAGTAGTTACAAAGTTCTGGGGCCCATTTAAGTCTGGGTATTATGTAGAAGCTTAACCAGGTGGTTGTGAAATTTTGCAATTGATATGAAATATTTATTT;chr21
TTGGAGGGAAAATTACAATACTAGGTATTAAGACTACAGTTACTGCAACTCAAAAAGTATATAGAAAAGGGTGTGAATTATAAGTAGTTACAAAGTTCTGGGGCCCATTTAAGTCTGGGTATTATGTAGAAGCTTAACCAGGTGGTTGTGAAATTTTGCAATTGATATGAAATATTTATTT;1;38;147;TTGGAGGGAAAATTACAATACTAGGTATTAAGACTACAGTGAAATTTTGCAATTGATATGAAATATTTATTT;chr21
TTGGAGGGAAAATTACAATACTAGGTATTAAGACTACAGTTACTGCAACTCAAAAAGTATATAGAAAAGGGTGTGAATTATAAGTAGTTACAAAGTTCTGGGGCCCATTTAAGTCTGGGTATTATGTAGAAGCTTAACCAGGTGGTTGTGAAATTTTGCAATTGATATGAAATATTTATTT;3;104;201;TTGGAGGGAAAATTACAATACTAGGTATTAAGACTACAGTTACTGCAACTCAAAAAGTATATAGAAAAGGGTGTGAATTATAAGTAGTTACAAAGTTCTGGGGCCTTTTTTAAAAAAATAATTAAATAAATGCTTGCTGCTTaaaaaaggaaaaaaattgaaaacgttattttgaagacttgtagccaagaaaaattagaaCCATTTAAGTCTGGGTATTATGTAGAAGCTTAACCAGGTGGTTGTGAAATTTTGCAATTGATATGAAATATTTATTT;chr21
TTGGAGGGAAAATTACAATACTAGGTATTAAGACTACAGTTACTGCAACTCAAAAAGTATATAGAAAAGGGTGTGAATTATAAGTAGTTACAAAGTTCTGGGGCCCATTTAAGTCTGGGTATTATGTAGAAGCTTAACCAGGTGGTTGTGAAATTTTGCAATTGATATGAAATATTTATTT;1;3;125;TTGGTAGAAGCTTAACCAGGTGGTTGTGAAATTTTGCAATTGATATGAAATATTTATTT;chr21
TTGGAGGGAAAATTACAATACTAGGTATTAAGACTACAGTTACTGCAACTCAAAAAGTATATAGAAAAGGGTGTGAATTATAAGTAGTTACAAAGTTCTGGGGCCCATTTAAGTCTGGGTATTATGTAGAAGCTTAACCAGGTGGTTGTGAAATTTTGCAATTGATATGAAATATTTATTT;4;70;158;TTGGAGGGAAAATTACAATACTAGGTATTAAGACTACAGTTACTGCAACTCAAAAAGTATATAGAAAAGGGTTTTAAAGTGTTGGTGGACCAATTCGAAGATGTATTATGGGTCTGAATTTACCCGGGGTCTTGAAACATTGATGAATATTAAGTGTGCAATTGATATGAAATATTTATTT;chr21
TTGGAGGGAAAATTACAATACTAGGTATTAAGACTACAGTTACTGCAACTCAAAAAGTATATAGAAAAGGGTGTGAATTATAAGTAGTTACAAAGTTCTGGGGCCCATTTAAGTCTGGGTATTATGTAGAAGCTTAACCAGGTGGTTGTGAAATTTTGCAATTGATATGAAATATTTATTT;4;26;175;TTGGAGGGAAAATTACAATACTAGGTTATAAAGTATAGTTAACGTTTTAAAGTGTTGGTGGACCAATTCGAAGATGTATTATGGGTCTGAATTTACCCGGGGTCTTGAAACATTGATGAATATTAAGTGTGGGAAAAGATATATGAAAAACTCAACGTCATTGACATCAGAATTATTATTT;chr21
TTGGAGGGAAAATTACAATACTAGGTATTAAGACTACAGTTACTGCAACTCAAAAAGTATATAGAAAAGGGTGTGAATTATAAGTAGTTACAAAGTTCTGGGGCCCATTTAAGTCTGGGTATTATGTAGAAGCTTAACCAGGTGGTTGTGAAATTTTGCAATTGATATGAAATATTTATTT;3;118;210;TTGGAGGGAAAATTACAATACTAGGTATTAAGACTACAGTTACTGCAACTCAAAAAGTATATAGAAAAGGGTGTGAATTATAAGTAGTTACAAAGTTCTGGGGCCCATTTAAGTCTGGgcctatgttgcctaggctggtcttgaactcctggcctcaagttgaactcccgggttccttagctttccaaaatgctgaggtaacaggtgtaaGTATTATGTAGAAGCTTAACCAGGTGGTTGTGAAATTTTGCAATTGATATGAAATATTTATTT;chr21
TTGGAGGGAAAATTACAATACTAGGTATTAAGACTACAGTTACTGCAACTCAAAAAGTATATAGAAAAGGGTGTGAATTATAAGTAGTTACAAAGTTCTGGGGCCCATTTAAGTCTGGGTATTATGTAGAAGCTTAACCAGGTGGTTGTGAAATTTTGCAATTGATATGAAATATTTATTT;2;1;180;TTGGAGGGAAAATTACAATACTAGGTATTAAGACTACAGTTACTGCAACTCAAAAAGTATATAGAAAAGGGTGTGAATTATAAGTAGTTACAAAGTTCTGGGGCCCATTTAAGTCTGGGTATTATGTAGAAGCTTAACCAGGTGGTTGTGAAATTTTGCAATTGATATGAAATATTTATTTGGAGGGAAAATTACAATACTAGGTATTAAGACTACAGTTACTGCAACTCAAAAAGTATATAGAAAAGGGTGTGAATTATAAGTAGTTACAAAGTTCTGGGGCCCATTTAAGTCTGGGTATTATGTAGAAGCTTAACCAGGTGGTTGTGAAATTTTGCAATTGATATGAAATATTTATTT;chr21
TTGGAGGGAAAATTACAATACTAGGTATTAAGACTACAGTTACTGCAACTCAAAAAGTATATAGAAAAGGGTGTGAATTATAAGTAGTTACAAAGTTCTGGGGCCCATTTAAGTCTGGGTATTATGTAGAAGCTTAACCAGGTGGTTGTGAAATTTTGCAATTGATATGAAATATTTATTT;2;41;177;TTGGAGGGAAAATTACAATACTAGGTATTAAGACTACAGTTACTGCAACTCAAAAAGTATATAGAAAAGGGTGTGAATTATAAGTAGTTACAAAGTTCTGGGGCCCATTTAAGTCTGGGTATTATGTAGAAGCTTAACCAGGTGGTTGTGAAATTTTGCAATTGATATGAAATATTTACTGCAACTCAAAAAGTATATAGAAAAGGGTGTGAATTATAAGTAGTTACAAAGTTCTGGGGCCCATTTAAGTCTGGGTATTATGTAGAAGCTTAACCAGGTGGTTGTGAAATTTTGCAATTGATATGAAATATTTATTT;chr21
TTGGAGGGAAAATTACAATACTAGGTATTAAGACTACAGTTACTGCAACTCAAAAAGTATATAGAAAAGGGTGTGAATTATAAGTAGTTACAAAGTTCTGGGGCCCATTTAAGTCTGGGTATTATGTAGAAGCTTAACCAGGTGGTTGTGAAATTTTGCAATTGATATGAAATATTTATTT;2;60;162;TTGGAGGGAAAATTACAATACTAGGTATTAAGACTACAGTTACTGCAACTCAAAAAGTATATAGAAAAGGGTGTGAATTATAAGTAGTTACAAAGTTCTGGGGCCCATTTAAGTCTGGGTATTATGTAGAAGCTTAACCAGGTGGTTGTGAAATTTTGCAATATAGAAAAGGGTGTGAATTATAAGTAGTTACAAAGTTCTGGGGCCCATTTAAGTCTGGGTATTATGTAGAAGCTTAACCAGGTGGTTGTGAAATTTTGCAATTGATATGAAATATTTATTT;chr21
TTGGAGGGAAAATTACAATACTAGGTATTAAGACTACAGTTACTGCAACTCAAAAAGTATATAGAAAAGGGTGTGAATTATAAGTAGTTACAAAGTTCTGGGGCCCATTTAAGTCTGGGTATTATGTAGAAGCTTAACCAGGTGGTTGTGAAATTTTGCAATTGATATGAAATATTTATTT;4;88;141;TTGGAGGGAAAATTACAATACTAGGTATTAAGACTACAGTTACTGCAACTCAAAAAGTATATAGAAAAGGGTGTGAATTATAAGTAGTGACCAATTCGAAGATGTATTATGGGTCTGAATTTACCCGGGGTCTTGAAACATGTGGTTGTGAAATTTTGCAATTGATATGAAATATTTATTT;chr21
TTGGAGGGAAAATTACAATACTAGGTATTAAGACTACAGTTACTGCAACTCAAAAAGTATATAGAAAAGGGTGTGAATTATAAGTAGTTACAAAGTTCTGGGGCCCATTTAAGTCTGGGTATTATGTAGAAGCTTAACCAGGTGGTTGTGAAATTTTGCAATTGATATGAAATATTTATTT;2;21;181;TTGGAGGGAAAATTACAATACTAGGTATTAAGACTACAGTTACTGCAACTCAAAAAGTATATAGAAAAGGGTGTGAATTATAAGTAGTTACAAAGTTCTGGGGCCCATTTAAGTCTGGGTATTATGTAGAAGCTTAACCAGGTGGTTGTGAAATTTTGCAATTGATATGAAATATTTATTTTAGGTATTAAGACTACAGTTACTGCAACTCAAAAAGTATATAGAAAAGGGTGTGAATTATAAGTAGTTACAAAGTTCTGGGGCCCATTTAAGTCTGGGTATTATGTAGAAGCTTAACCAGGTGGTTGTGAAATTTTGCAATTGATATGAAATATTTATTT;chr21
TTGGAGGGAAAATTACAATACTAGGTATTAAGACTACAGTTACTGCAACTCAAAAAGTATATAGAAAAGGGTGTGAATTATAAGTAGTTACAAAGTTCTGGGGCCCATTTAAGTCTGGGTATTATGTAGAAGCTTAACCAGGTGGTTGTGAAATTTTGCAATTGATATGAAATATTTATTT;2;25;89;TTGGAGGGAAAATTACAATACTAGGTATTAAGACTACAGTTACTGCAACTCAAAAAGTATATAGAAAAGGGTGTGAATTATAAGTAGTTTATTAAGACTACAGTTACTGCAACTCAAAAAGTATATAGAAAAGGGTGTGAATTATAAGTAGTTACAAAGTTCTGGGGCCCATTTAAGTCTGGGTATTATGTAGAAGCTTAACCAGGTGGTTGTGAAATTTTGCAATTGATATGAAATATTTATTT;chr21
TTGGAGGGAAAATTACAATACTAGGTATTAAGACTACAGTTACTGCAACTCAAAAAGTATATAGAAAAGGGTGTGAATTATAAGTAGTTACAAAGTTCTGGGGCCCATTTAAGTCTGGGTATTATGTAGAAGCTTAACCAGGTGGTTGTGAAATTTTGCAATTGATATGAAATATTTATTT;1;31;131;TTGGAGGGAAAATTACAATACTAGGTATTAAGCTTAACCAGGTGGTTGTGAAATTTTGCAATTGATATGAAATATTTATTT;chr21
TTGGAGGGAAAATTACAATACTAGGTATTAAGACTACAGTTACTGCAACTCAAAAAGTATATAGAAAAGGGTGTGAATTATAAGTAGTTACAAAGTTCTGGGGCCCATTTAAGTCTGGGTATTATGTAGAAGCTTAACCAGGTGGTTGTGAAATTTTGCAATTGATATGAAATATTTATTT;3;138;435;TTGGAGGGAAAATTACAATACTAGGTATTAAGACTACAGTTACTGCAACTCAAAAAGTATATAGAAAAGGGTGTGAATTATAAGTAGTTACAAAGTTCTGGGGCCCATTTAAGTCTGGGTATTATGTAGAAGCTTAAC'aaacccttgttataagggtttttcaacatcacgaaacatttttattttgtgcacgaaggaagaattgcttcatacagtggtaaaaaaaaaaattctatgaaacctctgcattggaaatggctaaaaaatattaggaccagttgtagatcaagatgttttatcaggttcccttgttaagtggtctgttctggagctcctaagacatgccaggagatctggcagtaagttaagaatgacttcaaagacagtcctgctaaaatagatactaagcatggcaccctgggtctggcttcaggCAGGTGGTTGTGAAATTTTGCAATTGATATGAAATATTTATTT;chr21
TTGGAGGGAAAATTACAATACTAGGTATTAAGACTACAGTTACTGCAACTCAAAAAGTATATAGAAAAGGGTGTGAATTATAAGTAGTTACAAAGTTCTGGGGCCCATTTAAGTCTGGGTATTATGTAGAAGCTTAACCAGGTGGTTGTGAAATTTTGCAATTGATATGAAATATTTATTT;4;45;164;TTGGAGGGAAAATTACAATACTAGGTATTAAGACTACAGTTACTGGTTAACGTTTTAAAGTGTTGGTGGACCAATTCGAAGATGTATTATGGGTCTGAATTTACCCGGGGTCTTGAAACATTGATGAATATTAAGTGTGGGAAAAGATATATGAAAAACTCAACATATGAAATATTTATTT;chr21
TTGGAGGGAAAATTACAATACTAGGTATTAAGACTACAGTTACTGCAACTCAAAAAGTATATAGAAAAGGGTGTGAATTATAAGTAGTTACAAAGTTCTGGGGCCCATTTAAGTCTGGGTATTATGTAGAAGCTTAACCAGGTGGTTGTGAAATTTTGCAATTGATATGAAATATTTATTT;1;28;153;TTGGAGGGAAAATTACAATACTAGGTATTTTTGCAATTGATATGAAATATTTATTT;chr21
TTGGAGGGAAAATTACAATACTAGGTATTAAGACTACAGTTACTGCAACTCAAAAAGTATATAGAAAAGGGTGTGAATTATAAGTAGTTACAAAGTTCTGGGGCCCATTTAAGTCTGGGTATTATGTAGAAGCTTAACCAGGTGGTTGTGAAATTTTGCAATTGATATGAAATATTTATTT;4;34;124;TTGGAGGGAAAATTACAATACTAGGTATTAAGACATTATGGGTCTGAATTTACCCGGGGTCTTGAAACATTGATGAATATTAAGTGTGGGAAAAGATATATGAAAAACTCAACGTCATTGACATTGTAGAAGCTTAACCAGGTGGTTGTGAAATTTTGCAATTGATATGAAATATTTATTT;chr21
TTGGAGGGAAAATTACAATACTAGGTATTAAGACTACAGTTACTGCAACTCAAAAAGTATATAGAAAAGGGTGTGAATTATAAGTAGTTACAAAGTTCTGGGGCCCATTTAAGTCTGGGTATTATGTAGAAGCTTAACCAGGTGGTTGTGAAATTTTGCAATTGATATGAAATATTTATTT;1;26;90;TTGGAGGGAAAATTACAATACTAGGTCAAAGTTCTGGGGCCCATTTAAGTCTGGGTATTATGTAGAAGCTTAACCAGGTGGTTGTGAAATTTTGCAATTGATATGAAATATTTATTT;chr21
TTGGAGGGAAAATTACAATACTAGGTATTAAGACTACAGTTACTGCAACTCAAAAAGTATATAGAAAAGGGTGTGAATTATAAGTAGTTACAAAGTTCTGGGGCCCATTTAAGTCTGGGTATTATGTAGAAGCTTAACCAGGTGGTTGTGAAATTTTGCAATTGATATGAAATATTTATTT;3;169;300;TTGGAGGGAAAATTACAATACTAGGTATTAAGACTACAGTTACTGCAACTCAAAAAGTATATAGAAAAGGGTGTGAATTATAAGTAGTTACAAAGTTCTGGGGCCCATTTAAGTCTGGGTATTATGTAGAAGCTTAACCAGGTGGTTGTGAAATTTTGCAATTGATATG['ccccatcaaacacataaacatttcattttcctgctttagtttttctcctgtaacatcctgtatattttgccttatctgtctgttgttattgtgtgtttttctcactctcatgaatagggtttttattttAAATATTTATTT;chr21
TTGGAGGGAAAATTACAATACTAGGTATTAAGACTACAGTTACTGCAACTCAAAAAGTATATAGAAAAGGGTGTGAATTATAAGTAGTTACAAAGTTCTGGGGCCCATTTAAGTCTGGGTATTATGTAGAAGCTTAACCAGGTGGTTGTGAAATTTTGCAATTGATATGAAATATTTATTT;4;19;160;TTGGAGGGAAAATTACAATACGTTTTAAAGTGTTGGTGGACCAATTCGAAGATGTATTATGGGTCTGAATTTACCCGGGGTCTTGAAACATTGATGAATATTAAGTGTGGGAAAAGATATATGAAAAACTCAACGTCATTGACATCAGAATTATGGATCAATTGATATGAAATATTTATTT;chr21
TTGGAGGGAAAATTACAATACTAGGTATTAAGACTACAGTTACTGCAACTCAAAAAGTATATAGAAAAGGGTGTGAATTATAAGTAGTTACAAAGTTCTGGGGCCCATTTAAGTCTGGGTATTATGTAGAAGCTTAACCAGGTGGTTGTGAAATTTTGCAATTGATATGAAATATTTATTT;3;88;186;TTGGAGGGAAAATTACAATACTAGGTATTAAGACTACAGTTACTGCAACTCAAAAAGTATATAGAAAAGGGTGTGAATTATAAGTAGTATTTTAATGCTTTTACAACTAGAAATTAATATAGATGAATATAGAATTAGTATATTAAGTAATGTGTTTGTGTATGAATATGTAGCTTCTGTCTTTAATACAAAGTTCTGGGGCCCATTTAAGTCTGGGTATTATGTAGAAGCTTAACCAGGTGGTTGTGAAATTTTGCAATTGATATGAAATATTTATTT;chr21
TTGGAGGGAAAATTACAATACTAGGTATTAAGACTACAGTTACTGCAACTCAAAAAGTATATAGAAAAGGGTGTGAATTATAAGTAGTTACAAAGTTCTGGGGCCCATTTAAGTCTGGGTATTATGTAGAAGCTTAACCAGGTGGTTGTGAAATTTTGCAATTGATATGAAATATTTATTT;1;28;173;TTGGAGGGAAAATTACAATACTAGGTATATTTATTT;chr21
TTGGAGGGAAAATTACAATACTAGGTATTAAGACTACAGTTACTGCAACTCAAAAAGTATATAGAAAAGGGTGTGAATTATAAGTAGTTACAAAGTTCTGGGGCCCATTTAAGTCTGGGTATTATGTAGAAGCTTAACCAGGTGGTTGTGAAATTTTGCAATTGATATGAAATATTTATTT;2;11;170;TTGGAGGGAAAATTACAATACTAGGTATTAAGACTACAGTTACTGCAACTCAAAAAGTATATAGAAAAGGGTGTGAATTATAAGTAGTTACAAAGTTCTGGGGCCCATTTAAGTCTGGGTATTATGTAGAAGCTTAACCAGGTGGTTGTGAAATTTTGCAATTGATATGAATTACAATACTAGGTATTAAGACTACAGTTACTGCAACTCAAAAAGTATATAGAAAAGGGTGTGAATTATAAGTAGTTACAAAGTTCTGGGGCCCATTTAAGTCTGGGTATTATGTAGAAGCTTAACCAGGTGGTTGTGAAATTTTGCAATTGATATGAAATATTTATTT;chr21
TTGGAGGGAAAATTACAATACTAGGTATTAAGACTACAGTTACTGCAACTCAAAAAGTATATAGAAAAGGGTGTGAATTATAAGTAGTTACAAAGTTCTGGGGCCCATTTAAGTCTGGGTATTATGTAGAAGCTTAACCAGGTGGTTGTGAAATTTTGCAATTGATATGAAATATTTATTT;3;152;233;TTGGAGGGAAAATTACAATACTAGGTATTAAGACTACAGTTACTGCAACTCAAAAAGTATATAGAAAAGGGTGTGAATTATAAGTAGTTACAAAGTTCTGGGGCCCATTTAAGTCTGGGTATTATGTAGAAGCTTAACCAGGTGGTTGTGAA['GCAATGTTCTGTGGGAAAAGGCCAACCTTCCTTGGCACTGCCTTCTTTTTCTAGAGATTATTAATTTCTTTTTAATAGAATTTTGCAATTGATATGAAATATTTATTT;chr21
TTGGAGGGAAAATTACAATACTAGGTATTAAGACTACAGTTACTGCAACTCAAAAAGTATATAGAAAAGGGTGTGAATTATAAGTAGTTACAAAGTTCTGGGGCCCATTTAAGTCTGGGTATTATGTAGAAGCTTAACCAGGTGGTTGTGAAATTTTGCAATTGATATGAAATATTTATTT;1;25;100;TTGGAGGGAAAATTACAATACTAGGGGGCCCATTTAAGTCTGGGTATTATGTAGAAGCTTAACCAGGTGGTTGTGAAATTTTGCAATTGATATGAAATATTTATTT;chr21
TTGGAGGGAAAATTACAATACTAGGTATTAAGACTACAGTTACTGCAACTCAAAAAGTATATAGAAAAGGGTGTGAATTATAAGTAGTTACAAAGTTCTGGGGCCCATTTAAGTCTGGGTATTATGTAGAAGCTTAACCAGGTGGTTGTGAAATTTTGCAATTGATATGAAATATTTATTT;2;74;170;TTGGAGGGAAAATTACAATACTAGGTATTAAGACTACAGTTACTGCAACTCAAAAAGTATATAGAAAAGGGTGTGAATTATAAGTAGTTACAAAGTTCTGGGGCCCATTTAAGTCTGGGTATTATGTAGAAGCTTAACCAGGTGGTTGTGAAATTTTGCAATTGATATGAGAATTATAAGTAGTTACAAAGTTCTGGGGCCCATTTAAGTCTGGGTATTATGTAGAAGCTTAACCAGGTGGTTGTGAAATTTTGCAATTGATATGAAATATTTATTT;chr21
TTGGAGGGAAAATTACAATACTAGGTATTAAGACTACAGTTACTGCAACTCAAAAAGTATATAGAAAAGGGTGTGAATTATAAGTAGTTACAAAGTTCTGGGGCCCATTTAAGTCTGGGTATTATGTAGAAGCTTAACCAGGTGGTTGTGAAATTTTGCAATTGATATGAAATATTTATTT;1;8;156;TTGGAGGGTGCAATTGATATGAAATATTTATTT;chr21
TTGGAGGGAAAATTACAATACTAGGTATTAAGACTACAGTTACTGCAACTCAAAAAGTATATAGAAAAGGGTGTGAATTATAAGTAGTTACAAAGTTCTGGGGCCCATTTAAGTCTGGGTATTATGTAGAAGCTTAACCAGGTGGTTGTGAAATTTTGCAATTGATATGAAATATTTATTT;2;27;136;TTGGAGGGAAAATTACAATACTAGGTATTAAGACTACAGTTACTGCAACTCAAAAAGTATATAGAAAAGGGTGTGAATTATAAGTAGTTACAAAGTTCTGGGGCCCATTTAAGTCTGGGTATTATGTAGAAGCTTATTAAGACTACAGTTACTGCAACTCAAAAAGTATATAGAAAAGGGTGTGAATTATAAGTAGTTACAAAGTTCTGGGGCCCATTTAAGTCTGGGTATTATGTAGAAGCTTAACCAGGTGGTTGTGAAATTTTGCAATTGATATGAAATATTTATTT;chr21
TTGGAGGGAAAATTACAATACTAGGTATTAAGACTACAGTTACTGCAACTCAAAAAGTATATAGAAAAGGGTGTGAATTATAAGTAGTTACAAAGTTCTGGGGCCCATTTAAGTCTGGGTATTATGTAGAAGCTTAACCAGGTGGTTGTGAAATTTTGCAATTGATATGAAATATTTATTT;1;16;73;TTGGAGGGAAAATTACTGAATTATAAGTAGTTACAAAGTTCTGGGGCCCATTTAAGTCTGGGTATTATGTAGAAGCTTAACCAGGTGGTTGTGAAATTTTGCAATTGATATGAAATATTTATTT;chr21
TTGGAGGGAAAATTACAATACTAGGTATTAAGACTACAGTTACTGCAACTCAAAAAGTATATAGAAAAGGGTGTGAATTATAAGTAGTTACAAAGTTCTGGGGCCCATTTAAGTCTGGGTATTATGTAGAAGCTTAACCAGGTGGTTGTGAAATTTTGCAATTGATATGAAATATTTATTT;4;1;181;TTTTATTTATAAAGTATAGTTAACGTTTTAAAGTGTTGGTGGACCAATTCGAAGATGTATTATGGGTCTGAATTTACCCGGGGTCTTGAAACATTGATGAATATTAAGTGTGGGAAAAGATATATGAAAAACTCAACGTCATTGACATCAGAATTATGGATCATAACATTAAAAGGGAGGT;chr21
TTGGAGGGAAAATTACAATACTAGGTATTAAGACTACAGTTACTGCAACTCAAAAAGTATATAGAAAAGGGTGTGAATTATAAGTAGTTACAAAGTTCTGGGGCCCATTTAAGTCTGGGTATTATGTAGAAGCTTAACCAGGTGGTTGTGAAATTTTGCAATTGATATGAAATATTTATTT;2;20;133;TTGGAGGGAAAATTACAATACTAGGTATTAAGACTACAGTTACTGCAACTCAAAAAGTATATAGAAAAGGGTGTGAATTATAAGTAGTTACAAAGTTCTGGGGCCCATTTAAGTCTGGGTATTATGTAGAAGCCTAGGTATTAAGACTACAGTTACTGCAACTCAAAAAGTATATAGAAAAGGGTGTGAATTATAAGTAGTTACAAAGTTCTGGGGCCCATTTAAGTCTGGGTATTATGTAGAAGCTTAACCAGGTGGTTGTGAAATTTTGCAATTGATATGAAATATTTATTT;chr21
TTGGAGGGAAAATTACAATACTAGGTATTAAGACTACAGTTACTGCAACTCAAAAAGTATATAGAAAAGGGTGTGAATTATAAGTAGTTACAAAGTTCTGGGGCCCATTTAAGTCTGGGTATTATGTAGAAGCTTAACCAGGTGGTTGTGAAATTTTGCAATTGATATGAAATATTTATTT;3;128;333;TTGGAGGGAAAATTACAATACTAGGTATTAAGACTACAGTTACTGCAACTCAAAAAGTATATAGAAAAGGGTGTGAATTATAAGTAGTTACAAAGTTCTGGGGCCCATTTAAGTCTGGGTATTATGTAATTTATAAGCACAAATATATGTAGCATCAAAATATGTAAATCAGGAAAGTTTATAATTAGGAAGTATTGATAAAAACAAATGATATAATATTTTAGAGCATGTGCGAATTATATAGTTAAGAAAAACAACAAACATTATGGGGTTTGACCTAAGGTAACTTAAAAACCACTTAGTGGAATAGCTTTTTTGAAAAGCAGATGGATCGAAGCTTAACCAGGTGGTTGTGAAATTTTGCAATTGATATGAAATATTTATTT;chr21
TTGGAGGGAAAATTACAATACTAGGTATTAAGACTACAGTTACTGCAACTCAAAAAGTATATAGAAAAGGGTGTGAATTATAAGTAGTTACAAAGTTCTGGGGCCCATTTAAGTCTGGGTATTATGTAGAAGCTTAACCAGGTGGTTGTGAAATTTTGCAATTGATATGAAATATTTATTT;1;22;177;TTGGAGGGAAAATTACAATACTATTT;chr21
TTGGAGGGAAAATTACAATACTAGGTATTAAGACTACAGTTACTGCAACTCAAAAAGTATATAGAAAAGGGTGTGAATTATAAGTAGTTACAAAGTTCTGGGGCCCATTTAAGTCTGGGTATTATGTAGAAGCTTAACCAGGTGGTTGTGAAATTTTGCAATTGATATGAAATATTTATTT;3;126;199;TTGGAGGGAAAATTACAATACTAGGTATTAAGACTACAGTTACTGCAACTCAAAAAGTATATAGAAAAGGGTGTGAATTATAAGTAGTTACAAAGTTCTGGGGCCCATTTAAGTCTGGGTATTATGTGCACTGCAGCTGTGGGAGAGTGGATGCTGTAGTCTGCACCCTGTGATTCAATGGGAGCCCTGCTCTAGTCTCTAGAAGCTTAACCAGGTGGTTGTGAAATTTTGCAATTGATATGAAATATTTATTT;chr21
TTGGAGGGAAAATTACAATACTAGGTATTAAGACTACAGTTACTGCAACTCAAAAAGTATATAGAAAAGGGTGTGAATTATAAGTAGTTACAAAGTTCTGGGGCCCATTTAAGTCTGGGTATTATGTAGAAGCTTAACCAGGTGGTTGTGAAATTTTGCAATTGATATGAAATATTTATTT;3;50;216;TTGGAGGGAAAATTACAATACTAGGTATTAAGACTACAGTTACTGCAACTCTTGGACTCTGATGTGCTTTGGGCTTGAGGGGTCAGCAGGCGAGCACCAGTGGCCTGGGAGGCTGGAGGGTGGACAGCCTCTCCCTCCCAGCCTGGAGCTCTGTCTCTCACTTCTCCCCTTCCCACCTAGTGGGGAGAACATATGGCTTGGGCTGGCAGAGCTGTCCAAAAAGTATATAGAAAAGGGTGTGAATTATAAGTAGTTACAAAGTTCTGGGGCCCATTTAAGTCTGGGTATTATGTAGAAGCTTAACCAGGTGGTTGTGAAATTTTGCAATTGATATGAAATATTTATTT;chr21
TTGGAGGGAAAATTACAATACTAGGTATTAAGACTACAGTTACTGCAACTCAAAAAGTATATAGAAAAGGGTGTGAATTATAAGTAGTTACAAAGTTCTGGGGCCCATTTAAGTCTGGGTATTATGTAGAAGCTTAACCAGGTGGTTGTGAAATTTTGCAATTGATATGAAATATTTATTT;1;21;179;TTGGAGGGAAAATTACAATACTT;chr21
TTGGAGGGAAAATTACAATACTAGGTATTAAGACTACAGTTACTGCAACTCAAAAAGTATATAGAAAAGGGTGTGAATTATAAGTAGTTACAAAGTTCTGGGGCCCATTTAAGTCTGGGTATTATGTAGAAGCTTAACCAGGTGGTTGTGAAATTTTGCAATTGATATGAAATATTTATTT;1;8;123;TTGGAGGGATGTAGAAGCTTAACCAGGTGGTTGTGAAATTTTGCAATTGATATGAAATATTTATTT;chr21
TTGGAGGGAAAATTACAATACTAGGTATTAAGACTACAGTTACTGCAACTCAAAAAGTATATAGAAAAGGGTGTGAATTATAAGTAGTTACAAAGTTCTGGGGCCCATTTAAGTCTGGGTATTATGTAGAAGCTTAACCAGGTGGTTGTGAAATTTTGCAATTGATATGAAATATTTATTT;3;81;272;TTGGAGGGAAAATTACAATACTAGGTATTAAGACTACAGTTACTGCAACTCAAAAAGTATATAGAAAAGGGTGTGAATTATAGTATTTGCCATAAGTCTACATATAGTATAAAATGGATATTAATCCATTAAATAAAAATAATAATCTTGAGAGTATTTCTTCTTGACATATTGACAAGATTGGATGAGAAAAAATGCCAATAGATTAGAATTTTATATAAGAAAGATAAACACCTAGGGAGAAGATTGAAGGAATTTGAAGTAGAACATCAAAGTAGTTACAAAGTTCTGGGGCCCATTTAAGTCTGGGTATTATGTAGAAGCTTAACCAGGTGGTTGTGAAATTTTGCAATTGATATGAAATATTTATTT;chr21
TTGGAGGGAAAATTACAATACTAGGTATTAAGACTACAGTTACTGCAACTCAAAAAGTATATAGAAAAGGGTGTGAATTATAAGTAGTTACAAAGTTCTGGGGCCCATTTAAGTCTGGGTATTATGTAGAAGCTTAACCAGGTGGTTGTGAAATTTTGCAATTGATATGAAATATTTATTT;3;7;82;TTGGAGG'tgactttgagtcctcttgttagcccctaaatgtttgtactccccaaggttctgctggtgatctcctttcctctcGAAAATTACAATACTAGGTATTAAGACTACAGTTACTGCAACTCAAAAAGTATATAGAAAAGGGTGTGAATTATAAGTAGTTACAAAGTTCTGGGGCCCATTTAAGTCTGGGTATTATGTAGAAGCTTAACCAGGTGGTTGTGAAATTTTGCAATTGATATGAAATATTTATTT;chr21
TTGGAGGGAAAATTACAATACTAGGTATTAAGACTACAGTTACTGCAACTCAAAAAGTATATAGAAAAGGGTGTGAATTATAAGTAGTTACAAAGTTCTGGGGCCCATTTAAGTCTGGGTATTATGTAGAAGCTTAACCAGGTGGTTGTGAAATTTTGCAATTGATATGAAATATTTATTT;2;61;153;TTGGAGGGAAAATTACAATACTAGGTATTAAGACTACAGTTACTGCAACTCAAAAAGTATATAGAAAAGGGTGTGAATTATAAGTAGTTACAAAGTTCTGGGGCCCATTTAAGTCTGGGTATTATGTAGAAGCTTAACCAGGTGGTTGTGAAATAGAAAAGGGTGTGAATTATAAGTAGTTACAAAGTTCTGGGGCCCATTTAAGTCTGGGTATTATGTAGAAGCTTAACCAGGTGGTTGTGAAATTTTGCAATTGATATGAAATATTTATTT;chr21
TTGGAGGGAAAATTACAATACTAGGTATTAAGACTACAGTTACTGCAACTCAAAAAGTATATAGAAAAGGGTGTGAATTATAAGTAGTTACAAAGTTCTGGGGCCCATTTAAGTCTGGGTATTATGTAGAAGCTTAACCAGGTGGTTGTGAAATTTTGCAATTGATATGAAATATTTATTT;1;112;170;TTGGAGGGAAAATTACAATACTAGGTATTAAGACTACAGTTACTGCAACTCAAAAAGTATATAGAAAAGGGTGTGAATTATAAGTAGTTACAAAGTTCTGGGGCCCATTTAAAATATTTATTT;chr21
TTGGAGGGAAAATTACAATACTAGGTATTAAGACTACAGTTACTGCAACTCAAAAAGTATATAGAAAAGGGTGTGAATTATAAGTAGTTACAAAGTTCTGGGGCCCATTTAAGTCTGGGTATTATGTAGAAGCTTAACCAGGTGGTTGTGAAATTTTGCAATTGATATGAAATATTTATTT;1;26;142;TTGGAGGGAAAATTACAATACTAGGTTGGTTGTGAAATTTTGCAATTGATATGAAATATTTATTT;chr21
TTGGAGGGAAAATTACAATACTAGGTATTAAGACTACAGTTACTGCAACTCAAAAAGTATATAGAAAAGGGTGTGAATTATAAGTAGTTACAAAGTTCTGGGGCCCATTTAAGTCTGGGTATTATGTAGAAGCTTAACCAGGTGGTTGTGAAATTTTGCAATTGATATGAAATATTTATTT;3;61;116;TTGGAGGGAAAATTACAATACTAGGTATTAAGACTACAGTTACTGCAACTCAAAAAGTATAAGCAGGATCCCATATTTTTCATGAAATTTTTTGAGAATCATGAGACAGCAATTTGTAGAAAAGGGTGTGAATTATAAGTAGTTACAAAGTTCTGGGGCCCATTTAAGTCTGGGTATTATGTAGAAGCTTAACCAGGTGGTTGTGAAATTTTGCAATTGATATGAAATATTTATTT;chr21
TTGGAGGGAAAATTACAATACTAGGTATTAAGACTACAGTTACTGCAACTCAAAAAGTATATAGAAAAGGGTGTGAATTATAAGTAGTTACAAAGTTCTGGGGCCCATTTAAGTCTGGGTATTATGTAGAAGCTTAACCAGGTGGTTGTGAAATTTTGCAATTGATATGAAATATTTATTT;2;84;145;TTGGAGGGAAAATTACAATACTAGGTATTAAGACTACAGTTACTGCAACTCAAAAAGTATATAGAAAAGGGTGTGAATTATAAGTAGTTACAAAGTTCTGGGGCCCATTTAAGTCTGGGTATTATGTAGAAGCTTAACCAGGTGGTAGTTACAAAGTTCTGGGGCCCATTTAAGTCTGGGTATTATGTAGAAGCTTAACCAGGTGGTTGTGAAATTTTGCAATTGATATGAAATATTTATTT;chr21
TTGGAGGGAAAATTACAATACTAGGTATTAAGACTACAGTTACTGCAACTCAAAAAGTATATAGAAAAGGGTGTGAATTATAAGTAGTTACAAAGTTCTGGGGCCCATTTAAGTCTGGGTATTATGTAGAAGCTTAACCAGGTGGTTGTGAAATTTTGCAATTGATATGAAATATTTATTT;2;87;180;TTGGAGGGAAAATTACAATACTAGGTATTAAGACTACAGTTACTGCAACTCAAAAAGTATATAGAAAAGGGTGTGAATTATAAGTAGTTACAAAGTTCTGGGGCCCATTTAAGTCTGGGTATTATGTAGAAGCTTAACCAGGTGGTTGTGAAATTTTGCAATTGATATGAAATATTTATTTTACAAAGTTCTGGGGCCCATTTAAGTCTGGGTATTATGTAGAAGCTTAACCAGGTGGTTGTGAAATTTTGCAATTGATATGAAATATTTATTT;chr21
TTGGAGGGAAAATTACAATACTAGGTATTAAGACTACAGTTACTGCAACTCAAAAAGTATATAGAAAAGGGTGTGAATTATAAGTAGTTACAAAGTTCTGGGGCCCATTTAAGTCTGGGTATTATGTAGAAGCTTAACCAGGTGGTTGTGAAATTTTGCAATTGATATGAAATATTTATTT;3;36;177;TTGGAGGGAAAATTACAATACTAGGTATTAAGACTAACTAGGTGGTAATTTGCACCCTGAAAGAAACATGGGGGCACTGATGAATCGAATGTGCATGCTAACATGCTAACAACATCACCACCGTTTCTCCCTGCAGTGTTCTGAAAGGCTGAAAGTCTGCCTTTGTGTGCAATGAGACAGTTACTGCAACTCAAAAAGTATATAGAAAAGGGTGTGAATTATAAGTAGTTACAAAGTTCTGGGGCCCATTTAAGTCTGGGTATTATGTAGAAGCTTAACCAGGTGGTTGTGAAATTTTGCAATTGATATGAAATATTTATTT;chr21
TTGGAGGGAAAATTACAATACTAGGTATTAAGACTACAGTTACTGCAACTCAAAAAGTATATAGAAAAGGGTGTGAATTATAAGTAGTTACAAAGTTCTGGGGCCCATTTAAGTCTGGGTATTATGTAGAAGCTTAACCAGGTGGTTGTGAAATTTTGCAATTGATATGAAATATTTATTT;3;70;215;TTGGAGGGAAAATTACAATACTAGGTATTAAGACTACAGTTACTGCAACTCAAAAAGTATATAGAAAAGGtcgtttttgttggctgttgacttttggagtcacattcaaggaatctttgcccagcccaatgtcgtgaagTATACATGAATACAAACATATATACACACATATATAGTTATCATTTGTCAATTAAAAATAAAATTTAAAAATTAACGTGTGAATTATAAGTAGTTACAAAGTTCTGGGGCCCATTTAAGTCTGGGTATTATGTAGAAGCTTAACCAGGTGGTTGTGAAATTTTGCAATTGATATGAAATATTTATTT;chr21
TTGGAGGGAAAATTACAATACTAGGTATTAAGACTACAGTTACTGCAACTCAAAAAGTATATAGAAAAGGGTGTGAATTATAAGTAGTTACAAAGTTCTGGGGCCCATTTAAGTCTGGGTATTATGTAGAAGCTTAACCAGGTGGTTGTGAAATTTTGCAATTGATATGAAATATTTATTT;3;110;221;TTGGAGGGAAAATTACAATACTAGGTATTAAGACTACAGTTACTGCAACTCAAAAAGTATATAGAAAAGGGTGTGAATTATAAGTAGTTACAAAGTTCTGGGGCCCATTTAGACAATTTGTGAGACCTAATTCTGGTTGAGGCTAAGAATTCCATTCGTTTTCCAGTCACTGACAAATTTATTTAACTCTTTTGCTTTTGGACATGTTTCTTTGTCACACAAAGTCTGGGTATTATGTAGAAGCTTAACCAGGTGGTTGTGAAATTTTGCAATTGATATGAAATATTTATTT;chr21
TTGGAGGGAAAATTACAATACTAGGTATTAAGACTACAGTTACTGCAACTCAAAAAGTATATAGAAAAGGGTGTGAATTATAAGTAGTTACAAAGTTCTGGGGCCCATTTAAGTCTGGGTATTATGTAGAAGCTTAACCAGGTGGTTGTGAAATTTTGCAATTGATATGAAATATTTATTT;3;163;292;TTGGAGGGAAAATTACAATACTAGGTATTAAGACTACAGTTACTGCAACTCAAAAAGTATATAGAAAAGGGTGTGAATTATAAGTAGTTACAAAGTTCTGGGGCCCATTTAAGTCTGGGTATTATGTAGAAGCTTAACCAGGTGGTTGTGAAATTTTGCAATTctgcctcttccagcttttggtagctccagacattggcttgcagcagcctcaccctaatctctgtctccatgcttacgtggctttctccctgcacctctgtgtcttttaaaaagaaaaacagtcatattgGATATGAAATATTTATTT;chr21
TTGGAGGGAAAATTACAATACTAGGTATTAAGACTACAGTTACTGCAACTCAAAAAGTATATAGAAAAGGGTGTGAATTATAAGTAGTTACAAAGTTCTGGGGCCCATTTAAGTCTGGGTATTATGTAGAAGCTTAACCAGGTGGTTGTGAAATTTTGCAATTGATATGAAATATTTATTT;4;76;138;TTGGAGGGAAAATTACAATACTAGGTATTAAGACTACAGTTACTGCAACTCAAAAAGTATATAGAAAAGGGTGTGACAATTCGAAGATGTATTATGGGTCTGAATTTACCCGGGGTCTTGAAACATTGATGAATATTACAGGTGGTTGTGAAATTTTGCAATTGATATGAAATATTTATTT;chr21
TTGGAGGGAAAATTACAATACTAGGTATTAAGACTACAGTTACTGCAACTCAAAAAGTATATAGAAAAGGGTGTGAATTATAAGTAGTTACAAAGTTCTGGGGCCCATTTAAGTCTGGGTATTATGTAGAAGCTTAACCAGGTGGTTGTGAAATTTTGCAATTGATATGAAATATTTATTT;4;88;151;TTGGAGGGAAAATTACAATACTAGGTATTAAGACTACAGTTACTGCAACTCAAAAAGTATATAGAAAAGGGTGTGAATTATAAGTAGTAGTGTTGGTGGACCAATTCGAAGATGTATTATGGGTCTGAATTTACCCGGGGTCTTGAAACATAATTTTGCAATTGATATGAAATATTTATTT;chr21
TTGGAGGGAAAATTACAATACTAGGTATTAAGACTACAGTTACTGCAACTCAAAAAGTATATAGAAAAGGGTGTGAATTATAAGTAGTTACAAAGTTCTGGGGCCCATTTAAGTCTGGGTATTATGTAGAAGCTTAACCAGGTGGTTGTGAAATTTTGCAATTGATATGAAATATTTATTT;2;22;141;TTGGAGGGAAAATTACAATACTAGGTATTAAGACTACAGTTACTGCAACTCAAAAAGTATATAGAAAAGGGTGTGAATTATAAGTAGTTACAAAGTTCTGGGGCCCATTTAAGTCTGGGTATTATGTAGAAGCTTAACCAGAGGTATTAAGACTACAGTTACTGCAACTCAAAAAGTATATAGAAAAGGGTGTGAATTATAAGTAGTTACAAAGTTCTGGGGCCCATTTAAGTCTGGGTATTATGTAGAAGCTTAACCAGGTGGTTGTGAAATTTTGCAATTGATATGAAATATTTATTT;chr21
TTGGAGGGAAAATTACAATACTAGGTATTAAGACTACAGTTACTGCAACTCAAAAAGTATATAGAAAAGGGTGTGAATTATAAGTAGTTACAAAGTTCTGGGGCCCATTTAAGTCTGGGTATTATGTAGAAGCTTAACCAGGTGGTTGTGAAATTTTGCAATTGATATGAAATATTTATTT;3;63;115;TTGGAGGGAAAATTACAATACTAGGTATTAAGACTACAGTTACTGCAACTCAAAAAGTATATAGTTCTGTTTAGCAAAATTATTTCCATATCCTTGGGGATGGCTTATAATAATGGAAAAGGGTGTGAATTATAAGTAGTTACAAAGTTCTGGGGCCCATTTAAGTCTGGGTATTATGTAGAAGCTTAACCAGGTGGTTGTGAAATTTTGCAATTGATATGAAATATTTATTT;chr21
TTGGAGGGAAAATTACAATACTAGGTATTAAGACTACAGTTACTGCAACTCAAAAAGTATATAGAAAAGGGTGTGAATTATAAGTAGTTACAAAGTTCTGGGGCCCATTTAAGTCTGGGTATTATGTAGAAGCTTAACCAGGTGGTTGTGAAATTTTGCAATTGATATGAAATATTTATTT;1;58;167;TTGGAGGGAAAATTACAATACTAGGTATTAAGACTACAGTTACTGCAACTCAAAAAGTTGAAATATTTATTT;chr21
TTGGAGGGAAAATTACAATACTAGGTATTAAGACTACAGTTACTGCAACTCAAAAAGTATATAGAAAAGGGTGTGAATTATAAGTAGTTACAAAGTTCTGGGGCCCATTTAAGTCTGGGTATTATGTAGAAGCTTAACCAGGTGGTTGTGAAATTTTGCAATTGATATGAAATATTTATTT;2;23;173;TTGGAGGGAAAATTACAATACTAGGTATTAAGACTACAGTTACTGCAACTCAAAAAGTATATAGAAAAGGGTGTGAATTATAAGTAGTTACAAAGTTCTGGGGCCCATTTAAGTCTGGGTATTATGTAGAAGCTTAACCAGGTGGTTGTGAAATTTTGCAATTGATATGAAATGGTATTAAGACTACAGTTACTGCAACTCAAAAAGTATATAGAAAAGGGTGTGAATTATAAGTAGTTACAAAGTTCTGGGGCCCATTTAAGTCTGGGTATTATGTAGAAGCTTAACCAGGTGGTTGTGAAATTTTGCAATTGATATGAAATATTTATTT;chr21
TTGGAGGGAAAATTACAATACTAGGTATTAAGACTACAGTTACTGCAACTCAAAAAGTATATAGAAAAGGGTGTGAATTATAAGTAGTTACAAAGTTCTGGGGCCCATTTAAGTCTGGGTATTATGTAGAAGCTTAACCAGGTGGTTGTGAAATTTTGCAATTGATATGAAATATTTATTT;3;78;338;TTGGAGGGAAAATTACAATACTAGGTATTAAGACTACAGTTACTGCAACTCAAAAAGTATATAGAAAAGGGTGTGAATCTTACAGCACCTGTCTCTGAGAGCTGAGGTCACTCTGCTATTTGTTTTCACACATTTCTGAATTTTCTAAGTTTTCCTAAATGAATGTATATCACTTTTATGCTCATAGGATAAATAATATCTATTTTTATTGTTGGAGAAGAATTATGTGAATATTAACCTGATCTTTGAAATGCAGAAGTTTTTTTTTAAGCATAAAAGCAATCCATACAATCTTAAATAATAGAGATTTTCATAGACAAATTTCTTTGACTATTAACTATAAGTAGTTACAAAGTTCTGGGGCCCATTTAAGTCTGGGTATTATGTAGAAGCTTAACCAGGTGGTTGTGAAATTTTGCAATTGATATGAAATATTTATTT;chr21
TTGGAGGGAAAATTACAATACTAGGTATTAAGACTACAGTTACTGCAACTCAAAAAGTATATAGAAAAGGGTGTGAATTATAAGTAGTTACAAAGTTCTGGGGCCCATTTAAGTCTGGGTATTATGTAGAAGCTTAACCAGGTGGTTGTGAAATTTTGCAATTGATATGAAATATTTATTT;3;31;128;TTGGAGGGAAAATTACAATACTAGGTATTAAaagagagcgtgaaatgaggccggggagaacaggCTGACCCAGAGGGCTACGGCAGAGCTGGtgtattagtcagggttctccagaaggacagaactaaGACTACAGTTACTGCAACTCAAAAAGTATATAGAAAAGGGTGTGAATTATAAGTAGTTACAAAGTTCTGGGGCCCATTTAAGTCTGGGTATTATGTAGAAGCTTAACCAGGTGGTTGTGAAATTTTGCAATTGATATGAAATATTTATTT;chr21
TTGGAGGGAAAATTACAATACTAGGTATTAAGACTACAGTTACTGCAACTCAAAAAGTATATAGAAAAGGGTGTGAATTATAAGTAGTTACAAAGTTCTGGGGCCCATTTAAGTCTGGGTATTATGTAGAAGCTTAACCAGGTGGTTGTGAAATTTTGCAATTGATATGAAATATTTATTT;2;52;119;TTGGAGGGAAAATTACAATACTAGGTATTAAGACTACAGTTACTGCAACTCAAAAAGTATATAGAAAAGGGTGTGAATTATAAGTAGTTACAAAGTTCTGGGGCCCATTTAAGTCTGGGAAAAGTATATAGAAAAGGGTGTGAATTATAAGTAGTTACAAAGTTCTGGGGCCCATTTAAGTCTGGGTATTATGTAGAAGCTTAACCAGGTGGTTGTGAAATTTTGCAATTGATATGAAATATTTATTT;chr21
TTGGAGGGAAAATTACAATACTAGGTATTAAGACTACAGTTACTGCAACTCAAAAAGTATATAGAAAAGGGTGTGAATTATAAGTAGTTACAAAGTTCTGGGGCCCATTTAAGTCTGGGTATTATGTAGAAGCTTAACCAGGTGGTTGTGAAATTTTGCAATTGATATGAAATATTTATTT;2;39;178;TTGGAGGGAAAATTACAATACTAGGTATTAAGACTACAGTTACTGCAACTCAAAAAGTATATAGAAAAGGGTGTGAATTATAAGTAGTTACAAAGTTCTGGGGCCCATTTAAGTCTGGGTATTATGTAGAAGCTTAACCAGGTGGTTGTGAAATTTTGCAATTGATATGAAATATTTATTACTGCAACTCAAAAAGTATATAGAAAAGGGTGTGAATTATAAGTAGTTACAAAGTTCTGGGGCCCATTTAAGTCTGGGTATTATGTAGAAGCTTAACCAGGTGGTTGTGAAATTTTGCAATTGATATGAAATATTTATTT;chr21
TTGGAGGGAAAATTACAATACTAGGTATTAAGACTACAGTTACTGCAACTCAAAAAGTATATAGAAAAGGGTGTGAATTATAAGTAGTTACAAAGTTCTGGGGCCCATTTAAGTCTGGGTATTATGTAGAAGCTTAACCAGGTGGTTGTGAAATTTTGCAATTGATATGAAATATTTATTT;2;13;175;TTGGAGGGAAAATTACAATACTAGGTATTAAGACTACAGTTACTGCAACTCAAAAAGTATATAGAAAAGGGTGTGAATTATAAGTAGTTACAAAGTTCTGGGGCCCATTTAAGTCTGGGTATTATGTAGAAGCTTAACCAGGTGGTTGTGAAATTTTGCAATTGATATGAAATATTACAATACTAGGTATTAAGACTACAGTTACTGCAACTCAAAAAGTATATAGAAAAGGGTGTGAATTATAAGTAGTTACAAAGTTCTGGGGCCCATTTAAGTCTGGGTATTATGTAGAAGCTTAACCAGGTGGTTGTGAAATTTTGCAATTGATATGAAATATTTATTT;chr21
TTGGAGGGAAAATTACAATACTAGGTATTAAGACTACAGTTACTGCAACTCAAAAAGTATATAGAAAAGGGTGTGAATTATAAGTAGTTACAAAGTTCTGGGGCCCATTTAAGTCTGGGTATTATGTAGAAGCTTAACCAGGTGGTTGTGAAATTTTGCAATTGATATGAAATATTTATTT;3;18;136;TTGGAGGGAAAATTACAAcagccTAGTCCCTTAGGTTAAAAGTGAGGTTTACTTTGACAAGTTTCACCTTTCAGTAGGGCTGTTCATTTCTTCCTAGTTTTTGTACACAGACACCAGAAAACAATCACGTCTGCAGTACTAGGTATTAAGACTACAGTTACTGCAACTCAAAAAGTATATAGAAAAGGGTGTGAATTATAAGTAGTTACAAAGTTCTGGGGCCCATTTAAGTCTGGGTATTATGTAGAAGCTTAACCAGGTGGTTGTGAAATTTTGCAATTGATATGAAATATTTATTT;chr21
TTGGAGGGAAAATTACAATACTAGGTATTAAGACTACAGTTACTGCAACTCAAAAAGTATATAGAAAAGGGTGTGAATTATAAGTAGTTACAAAGTTCTGGGGCCCATTTAAGTCTGGGTATTATGTAGAAGCTTAACCAGGTGGTTGTGAAATTTTGCAATTGATATGAAATATTTATTT;2;112;181;TTGGAGGGAAAATTACAATACTAGGTATTAAGACTACAGTTACTGCAACTCAAAAAGTATATAGAAAAGGGTGTGAATTATAAGTAGTTACAAAGTTCTGGGGCCCATTTAAGTCTGGGTATTATGTAGAAGCTTAACCAGGTGGTTGTGAAATTTTGCAATTGATATGAAATATTTATTTGTCTGGGTATTATGTAGAAGCTTAACCAGGTGGTTGTGAAATTTTGCAATTGATATGAAATATTTATTT;chr21
TTGGAGGGAAAATTACAATACTAGGTATTAAGACTACAGTTACTGCAACTCAAAAAGTATATAGAAAAGGGTGTGAATTATAAGTAGTTACAAAGTTCTGGGGCCCATTTAAGTCTGGGTATTATGTAGAAGCTTAACCAGGTGGTTGTGAAATTTTGCAATTGATATGAAATATTTATTT;4;6;143;TTGGAGTGGACCAATTCGAAGATGTATTATGGGTCTGAATTTACCCGGGGTCTTGAAACATTGATGAATATTAAGTGTGGGAAAAGATATATGAAAAACTCAACGTCATTGACATCAGAATTATGGATCATAACATTAAAAGGGGTTGTGAAATTTTGCAATTGATATGAAATATTTATTT;chr21
TTGGAGGGAAAATTACAATACTAGGTATTAAGACTACAGTTACTGCAACTCAAAAAGTATATAGAAAAGGGTGTGAATTATAAGTAGTTACAAAGTTCTGGGGCCCATTTAAGTCTGGGTATTATGTAGAAGCTTAACCAGGTGGTTGTGAAATTTTGCAATTGATATGAAATATTTATTT;3;177;254;TTGGAGGGAAAATTACAATACTAGGTATTAAGACTACAGTTACTGCAACTCAAAAAGTATATAGAAAAGGGTGTGAATTATAAGTAGTTACAAAGTTCTGGGGCCCATTTAAGTCTGGGTATTATGTAGAAGCTTAACCAGGTGGTTGTGAAATTTTGCAATTGATATGAAATATTT'TCCCATTCCTATGGCTCCTAGCATTACTGCCACTTGATCGGACCCCATTTTCACAATCCACAGCTTTTCTCTAAAAATTT;chr21
TTGGAGGGAAAATTACAATACTAGGTATTAAGACTACAGTTACTGCAACTCAAAAAGTATATAGAAAAGGGTGTGAATTATAAGTAGTTACAAAGTTCTGGGGCCCATTTAAGTCTGGGTATTATGTAGAAGCTTAACCAGGTGGTTGTGAAATTTTGCAATTGATATGAAATATTTATTT;3;9;115;TTGGAGGGAATGTGCATGCTAACATGCTAACAACATCACCACCGTTTCTCCCTGCAGTGTTCTGAAAGGCTGAAAGTCTGCCTTTGTGTGCAATGAGAACCACACAGGGCTGGCAAAATTACAATACTAGGTATTAAGACTACAGTTACTGCAACTCAAAAAGTATATAGAAAAGGGTGTGAATTATAAGTAGTTACAAAGTTCTGGGGCCCATTTAAGTCTGGGTATTATGTAGAAGCTTAACCAGGTGGTTGTGAAATTTTGCAATTGATATGAAATATTTATTT;chr21
TTGGAGGGAAAATTACAATACTAGGTATTAAGACTACAGTTACTGCAACTCAAAAAGTATATAGAAAAGGGTGTGAATTATAAGTAGTTACAAAGTTCTGGGGCCCATTTAAGTCTGGGTATTATGTAGAAGCTTAACCAGGTGGTTGTGAAATTTTGCAATTGATATGAAATATTTATTT;1;23;150;TTGGAGGGAAAATTACAATACTAAAATTTTGCAATTGATATGAAATATTTATTT;chr21
TTGGAGGGAAAATTACAATACTAGGTATTAAGACTACAGTTACTGCAACTCAAAAAGTATATAGAAAAGGGTGTGAATTATAAGTAGTTACAAAGTTCTGGGGCCCATTTAAGTCTGGGTATTATGTAGAAGCTTAACCAGGTGGTTGTGAAATTTTGCAATTGATATGAAATATTTATTT;1;44;133;TTGGAGGGAAAATTACAATACTAGGTATTAAGACTACAGTTACTTTAACCAGGTGGTTGTGAAATTTTGCAATTGATATGAAATATTTATTT;chr21
TTGGAGGGAAAATTACAATACTAGGTATTAAGACTACAGTTACTGCAACTCAAAAAGTATATAGAAAAGGGTGTGAATTATAAGTAGTTACAAAGTTCTGGGGCCCATTTAAGTCTGGGTATTATGTAGAAGCTTAACCAGGTGGTTGTGAAATTTTGCAATTGATATGAAATATTTATTT;1;11;124;TTGGAGGGAAATGTAGAAGCTTAACCAGGTGGTTGTGAAATTTTGCAATTGATATGAAATATTTATTT;chr21
TTGGAGGGAAAATTACAATACTAGGTATTAAGACTACAGTTACTGCAACTCAAAAAGTATATAGAAAAGGGTGTGAATTATAAGTAGTTACAAAGTTCTGGGGCCCATTTAAGTCTGGGTATTATGTAGAAGCTTAACCAGGTGGTTGTGAAATTTTGCAATTGATATGAAATATTTATTT;4;36;163;TTGGAGGGAAAATTACAATACTAGGTATTAAGACTATTAACGTTTTAAAGTGTTGGTGGACCAATTCGAAGATGTATTATGGGTCTGAATTTACCCGGGGTCTTGAAACATTGATGAATATTAAGTGTGGGAAAAGATATATGAAAAACTCAACGTCATTGACGATATGAAATATTTATTT;chr21
TTGGAGGGAAAATTACAATACTAGGTATTAAGACTACAGTTACTGCAACTCAAAAAGTATATAGAAAAGGGTGTGAATTATAAGTAGTTACAAAGTTCTGGGGCCCATTTAAGTCTGGGTATTATGTAGAAGCTTAACCAGGTGGTTGTGAAATTTTGCAATTGATATGAAATATTTATTT;3;86;300;TTGGAGGGAAAATTACAATACTAGGTATTAAGACTACAGTTACTGCAACTCAAAAAGTATATAGAAAAGGGTGTGAATTATAAGTAtccattccattcgattccattcctttgcattccattccatccctttcgagaccattcaattccattccattccattcgagcccattccattccattccattcgagtccattccatagcattcctttccattcgagtacattccattctattccattagattccattccattccattccactggactccaatccattagaatccattccattaaaGTTACAAAGTTCTGGGGCCCATTTAAGTCTGGGTATTATGTAGAAGCTTAACCAGGTGGTTGTGAAATTTTGCAATTGATATGAAATATTTATTT;chr21
TTGGAGGGAAAATTACAATACTAGGTATTAAGACTACAGTTACTGCAACTCAAAAAGTATATAGAAAAGGGTGTGAATTATAAGTAGTTACAAAGTTCTGGGGCCCATTTAAGTCTGGGTATTATGTAGAAGCTTAACCAGGTGGTTGTGAAATTTTGCAATTGATATGAAATATTTATTT;4;2;157;TTTTTTAAAGTGTTGGTGGACCAATTCGAAGATGTATTATGGGTCTGAATTTACCCGGGGTCTTGAAACATTGATGAATATTAAGTGTGGGAAAAGATATATGAAAAACTCAACGTCATTGACATCAGAATTATGGATCATAACATTAAAAGGGAGGGCAATTGATATGAAATATTTATTT;chr21
TTGGAGGGAAAATTACAATACTAGGTATTAAGACTACAGTTACTGCAACTCAAAAAGTATATAGAAAAGGGTGTGAATTATAAGTAGTTACAAAGTTCTGGGGCCCATTTAAGTCTGGGTATTATGTAGAAGCTTAACCAGGTGGTTGTGAAATTTTGCAATTGATATGAAATATTTATTT;2;60;112;TTGGAGGGAAAATTACAATACTAGGTATTAAGACTACAGTTACTGCAACTCAAAAAGTATATAGAAAAGGGTGTGAATTATAAGTAGTTACAAAGTTCTGGGGCCCATTTAAATAGAAAAGGGTGTGAATTATAAGTAGTTACAAAGTTCTGGGGCCCATTTAAGTCTGGGTATTATGTAGAAGCTTAACCAGGTGGTTGTGAAATTTTGCAATTGATATGAAATATTTATTT;chr21
TTGGAGGGAAAATTACAATACTAGGTATTAAGACTACAGTTACTGCAACTCAAAAAGTATATAGAAAAGGGTGTGAATTATAAGTAGTTACAAAGTTCTGGGGCCCATTTAAGTCTGGGTATTATGTAGAAGCTTAACCAGGTGGTTGTGAAATTTTGCAATTGATATGAAATATTTATTT;3;89;204;TTGGAGGGAAAATTACAATACTAGGTATTAAGACTACAGTTACTGCAACTCAAAAAGTATATAGAAAAGGGTGTGAATTATAAGTAGTTccaggagagagtgggggccgatattcaacattctgaaaggaaagaattgtcaacccagaatttcatatccagccaaactaagcttcataagtgaaggagaaataaaatactttacACAAAGTTCTGGGGCCCATTTAAGTCTGGGTATTATGTAGAAGCTTAACCAGGTGGTTGTGAAATTTTGCAATTGATATGAAATATTTATTT;chr21
TTGGAGGGAAAATTACAATACTAGGTATTAAGACTACAGTTACTGCAACTCAAAAAGTATATAGAAAAGGGTGTGAATTATAAGTAGTTACAAAGTTCTGGGGCCCATTTAAGTCTGGGTATTATGTAGAAGCTTAACCAGGTGGTTGTGAAATTTTGCAATTGATATGAAATATTTATTT;3;153;237;TTGGAGGGAAAATTACAATACTAGGTATTAAGACTACAGTTACTGCAACTCAAAAAGTATATAGAAAAGGGTGTGAATTATAAGTAGTTACAAAGTTCTGGGGCCCATTTAAGTCTGGGTATTATGTAGAAGCTTAACCAGGTGGTTGTGAAAaaatgtttgtactccccaaggttctgctggtgatctcctttcctctccccctccaccctttctattgatctcacctccttctcaTTTTGCAATTGATATGAAATATTTATTT;chr21
TTGGAGGGAAAATTACAATACTAGGTATTAAGACTACAGTTACTGCAACTCAAAAAGTATATAGAAAAGGGTGTGAATTATAAGTAGTTACAAAGTTCTGGGGCCCATTTAAGTCTGGGTATTATGTAGAAGCTTAACCAGGTGGTTGTGAAATTTTGCAATTGATATGAAATATTTATTT;4;72;134;TTGGAGGGAAAATTACAATACTAGGTATTAAGACTACAGTTACTGCAACTCAAAAAGTATATAGAAAAGGGTTCGAAGATGTATTATGGGTCTGAATTTACCCGGGGTCTTGAAACATTGATGAATATTAAGTGTAACCAGGTGGTTGTGAAATTTTGCAATTGATATGAAATATTTATTT;chr21
TTGGAGGGAAAATTACAATACTAGGTATTAAGACTACAGTTACTGCAACTCAAAAAGTATATAGAAAAGGGTGTGAATTATAAGTAGTTACAAAGTTCTGGGGCCCATTTAAGTCTGGGTATTATGTAGAAGCTTAACCAGGTGGTTGTGAAATTTTGCAATTGATATGAAATATTTATTT;1;36;154;TTGGAGGGAAAATTACAATACTAGGTATTAAGACTATTTGCAATTGATATGAAATATTTATTT;chr21
TTGGAGGGAAAATTACAATACTAGGTATTAAGACTACAGTTACTGCAACTCAAAAAGTATATAGAAAAGGGTGTGAATTATAAGTAGTTACAAAGTTCTGGGGCCCATTTAAGTCTGGGTATTATGTAGAAGCTTAACCAGGTGGTTGTGAAATTTTGCAATTGATATGAAATATTTATTT;2;1;164;TTGGAGGGAAAATTACAATACTAGGTATTAAGACTACAGTTACTGCAACTCAAAAAGTATATAGAAAAGGGTGTGAATTATAAGTAGTTACAAAGTTCTGGGGCCCATTTAAGTCTGGGTATTATGTAGAAGCTTAACCAGGTGGTTGTGAAATTTTGCAATTGTGGAGGGAAAATTACAATACTAGGTATTAAGACTACAGTTACTGCAACTCAAAAAGTATATAGAAAAGGGTGTGAATTATAAGTAGTTACAAAGTTCTGGGGCCCATTTAAGTCTGGGTATTATGTAGAAGCTTAACCAGGTGGTTGTGAAATTTTGCAATTGATATGAAATATTTATTT;chr21
TTGGAGGGAAAATTACAATACTAGGTATTAAGACTACAGTTACTGCAACTCAAAAAGTATATAGAAAAGGGTGTGAATTATAAGTAGTTACAAAGTTCTGGGGCCCATTTAAGTCTGGGTATTATGTAGAAGCTTAACCAGGTGGTTGTGAAATTTTGCAATTGATATGAAATATTTATTT;1;40;167;TTGGAGGGAAAATTACAATACTAGGTATTAAGACTACAGTTGAAATATTTATTT;chr21
TTGGAGGGAAAATTACAATACTAGGTATTAAGACTACAGTTACTGCAACTCAAAAAGTATATAGAAAAGGGTGTGAATTATAAGTAGTTACAAAGTTCTGGGGCCCATTTAAGTCTGGGTATTATGTAGAAGCTTAACCAGGTGGTTGTGAAATTTTGCAATTGATATGAAATATTTATTT;3;129;285;TTGGAGGGAAAATTACAATACTAGGTATTAAGACTACAGTTACTGCAACTCAAAAAGTATATAGAAAAGGGTGTGAATTATAAGTAGTTACAAAGTTCTGGGGCCCATTTAAGTCTGGGTATTATGTAGtcaatctcctgacctcgtgatccgcccgcctcggcctcacaaaggactctacttctaatagtatggagaacactgatagtccttggcatgaactgtgtagatgcatttgacactcctgattcactgcacatgaggggcgaggagtttagtgactcaAAGCTTAACCAGGTGGTTGTGAAATTTTGCAATTGATATGAAATATTTATTT;chr21
TTGGAGGGAAAATTACAATACTAGGTATTAAGACTACAGTTACTGCAACTCAAAAAGTATATAGAAAAGGGTGTGAATTATAAGTAGTTACAAAGTTCTGGGGCCCATTTAAGTCTGGGTATTATGTAGAAGCTTAACCAGGTGGTTGTGAAATTTTGCAATTGATATGAAATATTTATTT;2;74;133;TTGGAGGGAAAATTACAATACTAGGTATTAAGACTACAGTTACTGCAACTCAAAAAGTATATAGAAAAGGGTGTGAATTATAAGTAGTTACAAAGTTCTGGGGCCCATTTAAGTCTGGGTATTATGTAGAAGCGAATTATAAGTAGTTACAAAGTTCTGGGGCCCATTTAAGTCTGGGTATTATGTAGAAGCTTAACCAGGTGGTTGTGAAATTTTGCAATTGATATGAAATATTTATTT;chr21
TTGGAGGGAAAATTACAATACTAGGTATTAAGACTACAGTTACTGCAACTCAAAAAGTATATAGAAAAGGGTGTGAATTATAAGTAGTTACAAAGTTCTGGGGCCCATTTAAGTCTGGGTATTATGTAGAAGCTTAACCAGGTGGTTGTGAAATTTTGCAATTGATATGAAATATTTATTT;4;20;166;TTGGAGGGAAAATTACAATATAGTTAACGTTTTAAAGTGTTGGTGGACCAATTCGAAGATGTATTATGGGTCTGAATTTACCCGGGGTCTTGAAACATTGATGAATATTAAGTGTGGGAAAAGATATATGAAAAACTCAACGTCATTGACATCAGAATTATGGATCATGAAATATTTATTT;chr21
TTGGAGGGAAAATTACAATACTAGGTATTAAGACTACAGTTACTGCAACTCAAAAAGTATATAGAAAAGGGTGTGAATTATAAGTAGTTACAAAGTTCTGGGGCCCATTTAAGTCTGGGTATTATGTAGAAGCTTAACCAGGTGGTTGTGAAATTTTGCAATTGATATGAAATATTTATTT;1;0;89;ACAAAGTTCTGGGGCCCATTTAAGTCTGGGTATTATGTAGAAGCTTAACCAGGTGGTTGTGAAATTTTGCAATTGATATGAAATATTTATTT;chr21
TTGGAGGGAAAATTACAATACTAGGTATTAAGACTACAGTTACTGCAACTCAAAAAGTATATAGAAAAGGGTGTGAATTATAAGTAGTTACAAAGTTCTGGGGCCCATTTAAGTCTGGGTATTATGTAGAAGCTTAACCAGGTGGTTGTGAAATTTTGCAATTGATATGAAATATTTATTT;1;93;179;TTGGAGGGAAAATTACAATACTAGGTATTAAGACTACAGTTACTGCAACTCAAAAAGTATATAGAAAAGGGTGTGAATTATAAGTAGTTACAATT;chr21
TTGGAGGGAAAATTACAATACTAGGTATTAAGACTACAGTTACTGCAACTCAAAAAGTATATAGAAAAGGGTGTGAATTATAAGTAGTTACAAAGTTCTGGGGCCCATTTAAGTCTGGGTATTATGTAGAAGCTTAACCAGGTGGTTGTGAAATTTTGCAATTGATATGAAATATTTATTT;3;124;181;TTGGAGGGAAAATTACAATACTAGGTATTAAGACTACAGTTACTGCAACTCAAAAAGTATATAGAAAAGGGTGTGAATTATAAGTAGTTACAAAGTTCTGGGGCCCATTTAAGTCTGGGTATTAtctgtaagtctcagctgacaactcatcctctctttaggcagccttcactgaactccaTGTAGAAGCTTAACCAGGTGGTTGTGAAATTTTGCAATTGATATGAAATATTTATTT;chr21
TTGGAGGGAAAATTACAATACTAGGTATTAAGACTACAGTTACTGCAACTCAAAAAGTATATAGAAAAGGGTGTGAATTATAAGTAGTTACAAAGTTCTGGGGCCCATTTAAGTCTGGGTATTATGTAGAAGCTTAACCAGGTGGTTGTGAAATTTTGCAATTGATATGAAATATTTATTT;3;150;272;TTGGAGGGAAAATTACAATACTAGGTATTAAGACTACAGTTACTGCAACTCAAAAAGTATATAGAAAAGGGTGTGAATTATAAGTAGTTACAAAGTTCTGGGGCCCATTTAAGTCTGGGTATTATGTAGAAGCTTAACCAGGTGGTTGTGGTCTTGTTGCCAACAGATGGTTAGCTAATCCCTCAAAACCGTAAATGGTCTCATTCTCAGTGCACTGCCTCAGCTCTATGTAGCAATGAAATTCTTTAGCATATAAAAAAGGTTGTGAACTAAAATTTTGCAATTGATATGAAATATTTATTT;chr21
TTGGAGGGAAAATTACAATACTAGGTATTAAGACTACAGTTACTGCAACTCAAAAAGTATATAGAAAAGGGTGTGAATTATAAGTAGTTACAAAGTTCTGGGGCCCATTTAAGTCTGGGTATTATGTAGAAGCTTAACCAGGTGGTTGTGAAATTTTGCAATTGATATGAAATATTTATTT;2;33;85;TTGGAGGGAAAATTACAATACTAGGTATTAAGACTACAGTTACTGCAACTCAAAAAGTATATAGAAAAGGGTGTGAATTATAAGTCTACAGTTACTGCAACTCAAAAAGTATATAGAAAAGGGTGTGAATTATAAGTAGTTACAAAGTTCTGGGGCCCATTTAAGTCTGGGTATTATGTAGAAGCTTAACCAGGTGGTTGTGAAATTTTGCAATTGATATGAAATATTTATTT;chr21
TTGGAGGGAAAATTACAATACTAGGTATTAAGACTACAGTTACTGCAACTCAAAAAGTATATAGAAAAGGGTGTGAATTATAAGTAGTTACAAAGTTCTGGGGCCCATTTAAGTCTGGGTATTATGTAGAAGCTTAACCAGGTGGTTGTGAAATTTTGCAATTGATATGAAATATTTATTT;3;7;238;TTGGAGGGTATTTGCCATAAGTCTACATATAGTATAAAATGGATATTAATCCATTAAATAAAAATAATAATCTTGAGAGTATTTCTTCTTGACATATTGACAAGATTGGATGAGAAAAAATGCCAATAGATTAGAATTTTATATAAGAAAGATAAACACCTAGGGAGAAGATTGAAGGAATTTGAAGTAGAACATCACCAACGTGTAACCAGGATCCGTCACAACAAACATGTACA']GAAAATTACAATACTAGGTATTAAGACTACAGTTACTGCAACTCAAAAAGTATATAGAAAAGGGTGTGAATTATAAGTAGTTACAAAGTTCTGGGGCCCATTTAAGTCTGGGTATTATGTAGAAGCTTAACCAGGTGGTTGTGAAATTTTGCAATTGATATGAAATATTTATTT;chr21
TTGGAGGGAAAATTACAATACTAGGTATTAAGACTACAGTTACTGCAACTCAAAAAGTATATAGAAAAGGGTGTGAATTATAAGTAGTTACAAAGTTCTGGGGCCCATTTAAGTCTGGGTATTATGTAGAAGCTTAACCAGGTGGTTGTGAAATTTTGCAATTGATATGAAATATTTATTT;3;74;207;TTGGAGGGAAAATTACAATACTAGGTATTAAGACTACAGTTACTGCAACTCAAAAAGTATATAGAAAAGGGTGTtcccaccatgtgagactcctcgctccccttttgccttttgccatgactggaagcttcctgaagcctccccagaagcagatgctgccattcttcctgtacaacctgcagaaccataagccaattaaacttctttGAATTATAAGTAGTTACAAAGTTCTGGGGCCCATTTAAGTCTGGGTATTATGTAGAAGCTTAACCAGGTGGTTGTGAAATTTTGCAATTGATATGAAATATTTATTT;chr21
TTGGAGGGAAAATTACAATACTAGGTATTAAGACTACAGTTACTGCAACTCAAAAAGTATATAGAAAAGGGTGTGAATTATAAGTAGTTACAAAGTTCTGGGGCCCATTTAAGTCTGGGTATTATGTAGAAGCTTAACCAGGTGGTTGTGAAATTTTGCAATTGATATGAAATATTTATTT;1;39;173;TTGGAGGGAAAATTACAATACTAGGTATTAAGACTACAGATTTATTT;chr21
TTGGAGGGAAAATTACAATACTAGGTATTAAGACTACAGTTACTGCAACTCAAAAAGTATATAGAAAAGGGTGTGAATTATAAGTAGTTACAAAGTTCTGGGGCCCATTTAAGTCTGGGTATTATGTAGAAGCTTAACCAGGTGGTTGTGAAATTTTGCAATTGATATGAAATATTTATTT;1;8;58;TTGGAGGGATATAGAAAAGGGTGTGAATTATAAGTAGTTACAAAGTTCTGGGGCCCATTTAAGTCTGGGTATTATGTAGAAGCTTAACCAGGTGGTTGTGAAATTTTGCAATTGATATGAAATATTTATTT;chr21
TTGGAGGGAAAATTACAATACTAGGTATTAAGACTACAGTTACTGCAACTCAAAAAGTATATAGAAAAGGGTGTGAATTATAAGTAGTTACAAAGTTCTGGGGCCCATTTAAGTCTGGGTATTATGTAGAAGCTTAACCAGGTGGTTGTGAAATTTTGCAATTGATATGAAATATTTATTT;1;69;133;TTGGAGGGAAAATTACAATACTAGGTATTAAGACTACAGTTACTGCAACTCAAAAAGTATATAGAAAAGTTAACCAGGTGGTTGTGAAATTTTGCAATTGATATGAAATATTTATTT;chr21
TTGGAGGGAAAATTACAATACTAGGTATTAAGACTACAGTTACTGCAACTCAAAAAGTATATAGAAAAGGGTGTGAATTATAAGTAGTTACAAAGTTCTGGGGCCCATTTAAGTCTGGGTATTATGTAGAAGCTTAACCAGGTGGTTGTGAAATTTTGCAATTGATATGAAATATTTATTT;4;15;113;TTGGAGGGAAAATTAGAATTTACCCGGGGTCTTGAAACATTGATGAATATTAAGTGTGGGAAAAGATATATGAAAAACTCAACGTCATTGACATCAGAATTATGGATCATAACTCTGGGTATTATGTAGAAGCTTAACCAGGTGGTTGTGAAATTTTGCAATTGATATGAAATATTTATTT;chr21
TTGGAGGGAAAATTACAATACTAGGTATTAAGACTACAGTTACTGCAACTCAAAAAGTATATAGAAAAGGGTGTGAATTATAAGTAGTTACAAAGTTCTGGGGCCCATTTAAGTCTGGGTATTATGTAGAAGCTTAACCAGGTGGTTGTGAAATTTTGCAATTGATATGAAATATTTATTT;2;11;145;TTGGAGGGAAAATTACAATACTAGGTATTAAGACTACAGTTACTGCAACTCAAAAAGTATATAGAAAAGGGTGTGAATTATAAGTAGTTACAAAGTTCTGGGGCCCATTTAAGTCTGGGTATTATGTAGAAGCTTAACCAGGTGGATTACAATACTAGGTATTAAGACTACAGTTACTGCAACTCAAAAAGTATATAGAAAAGGGTGTGAATTATAAGTAGTTACAAAGTTCTGGGGCCCATTTAAGTCTGGGTATTATGTAGAAGCTTAACCAGGTGGTTGTGAAATTTTGCAATTGATATGAAATATTTATTT;chr21
TTGGAGGGAAAATTACAATACTAGGTATTAAGACTACAGTTACTGCAACTCAAAAAGTATATAGAAAAGGGTGTGAATTATAAGTAGTTACAAAGTTCTGGGGCCCATTTAAGTCTGGGTATTATGTAGAAGCTTAACCAGGTGGTTGTGAAATTTTGCAATTGATATGAAATATTTATTT;3;159;320;TTGGAGGGAAAATTACAATACTAGGTATTAAGACTACAGTTACTGCAACTCAAAAAGTATATAGAAAAGGGTGTGAATTATAAGTAGTTACAAAGTTCTGGGGCCCATTTAAGTCTGGGTATTATGTAGAAGCTTAACCAGGTGGTTGTGAAATTTTGCcgagtcaaatccattccattccattcgattccattcctttgcattccattccatccctttcgagaccattcaattccattccattccattcgagcccattccattccattccattcgagtccattccatagcattcctttccattcgagtacattccattcAATTGATATGAAATATTTATTT;chr21
TTGGAGGGAAAATTACAATACTAGGTATTAAGACTACAGTTACTGCAACTCAAAAAGTATATAGAAAAGGGTGTGAATTATAAGTAGTTACAAAGTTCTGGGGCCCATTTAAGTCTGGGTATTATGTAGAAGCTTAACCAGGTGGTTGTGAAATTTTGCAATTGATATGAAATATTTATTT;4;1;171;TAAGTATAGTTAACGTTTTAAAGTGTTGGTGGACCAATTCGAAGATGTATTATGGGTCTGAATTTACCCGGGGTCTTGAAACATTGATGAATATTAAGTGTGGGAAAAGATATATGAAAAACTCAACGTCATTGACATCAGAATTATGGATCATAACATTAAAAGGGAGGTATATTTATTT;chr21
TTGGAGGGAAAATTACAATACTAGGTATTAAGACTACAGTTACTGCAACTCAAAAAGTATATAGAAAAGGGTGTGAATTATAAGTAGTTACAAAGTTCTGGGGCCCATTTAAGTCTGGGTATTATGTAGAAGCTTAACCAGGTGGTTGTGAAATTTTGCAATTGATATGAAATATTTATTT;2;53;108;TTGGAGGGAAAATTACAATACTAGGTATTAAGACTACAGTTACTGCAACTCAAAAAGTATATAGAAAAGGGTGTGAATTATAAGTAGTTACAAAGTTCTGGGGCCCATAAAGTATATAGAAAAGGGTGTGAATTATAAGTAGTTACAAAGTTCTGGGGCCCATTTAAGTCTGGGTATTATGTAGAAGCTTAACCAGGTGGTTGTGAAATTTTGCAATTGATATGAAATATTTATTT;chr21
TTGGAGGGAAAATTACAATACTAGGTATTAAGACTACAGTTACTGCAACTCAAAAAGTATATAGAAAAGGGTGTGAATTATAAGTAGTTACAAAGTTCTGGGGCCCATTTAAGTCTGGGTATTATGTAGAAGCTTAACCAGGTGGTTGTGAAATTTTGCAATTGATATGAAATATTTATTT;2;76;168;TTGGAGGGAAAATTACAATACTAGGTATTAAGACTACAGTTACTGCAACTCAAAAAGTATATAGAAAAGGGTGTGAATTATAAGTAGTTACAAAGTTCTGGGGCCCATTTAAGTCTGGGTATTATGTAGAAGCTTAACCAGGTGGTTGTGAAATTTTGCAATTGATATATTATAAGTAGTTACAAAGTTCTGGGGCCCATTTAAGTCTGGGTATTATGTAGAAGCTTAACCAGGTGGTTGTGAAATTTTGCAATTGATATGAAATATTTATTT;chr21
TTGGAGGGAAAATTACAATACTAGGTATTAAGACTACAGTTACTGCAACTCAAAAAGTATATAGAAAAGGGTGTGAATTATAAGTAGTTACAAAGTTCTGGGGCCCATTTAAGTCTGGGTATTATGTAGAAGCTTAACCAGGTGGTTGTGAAATTTTGCAATTGATATGAAATATTTATTT;4;19;175;TTGGAGGGAAAATTACAATTATAAAGTATAGTTAACGTTTTAAAGTGTTGGTGGACCAATTCGAAGATGTATTATGGGTCTGAATTTACCCGGGGTCTTGAAACATTGATGAATATTAAGTGTGGGAAAAGATATATGAAAAACTCAACGTCATTGACATCAGAATTATGGATCATTATTT;chr21
TTGGAGGGAAAATTACAATACTAGGTATTAAGACTACAGTTACTGCAACTCAAAAAGTATATAGAAAAGGGTGTGAATTATAAGTAGTTACAAAGTTCTGGGGCCCATTTAAGTCTGGGTATTATGTAGAAGCTTAACCAGGTGGTTGTGAAATTTTGCAATTGATATGAAATATTTATTT;3;31;199;TTGGAGGGAAAATTACAATACTAGGTATTAAgatcagatttcaacataaggtctggaggagtcaaataatccaaactatagcaAttctacccctggccctctaaattttatacccttcttatacatacaatatagtcattctatcccatagtcttcaaaactcttaacttgttccagcatcaactcaaatgtccaatatGACTACAGTTACTGCAACTCAAAAAGTATATAGAAAAGGGTGTGAATTATAAGTAGTTACAAAGTTCTGGGGCCCATTTAAGTCTGGGTATTATGTAGAAGCTTAACCAGGTGGTTGTGAAATTTTGCAATTGATATGAAATATTTATTT;chr21
TTGGAGGGAAAATTACAATACTAGGTATTAAGACTACAGTTACTGCAACTCAAAAAGTATATAGAAAAGGGTGTGAATTATAAGTAGTTACAAAGTTCTGGGGCCCATTTAAGTCTGGGTATTATGTAGAAGCTTAACCAGGTGGTTGTGAAATTTTGCAATTGATATGAAATATTTATTT;2;12;131;TTGGAGGGAAAATTACAATACTAGGTATTAAGACTACAGTTACTGCAACTCAAAAAGTATATAGAAAAGGGTGTGAATTATAAGTAGTTACAAAGTTCTGGGGCCCATTTAAGTCTGGGTATTATGTAGAATTACAATACTAGGTATTAAGACTACAGTTACTGCAACTCAAAAAGTATATAGAAAAGGGTGTGAATTATAAGTAGTTACAAAGTTCTGGGGCCCATTTAAGTCTGGGTATTATGTAGAAGCTTAACCAGGTGGTTGTGAAATTTTGCAATTGATATGAAATATTTATTT;chr21
TTGGAGGGAAAATTACAATACTAGGTATTAAGACTACAGTTACTGCAACTCAAAAAGTATATAGAAAAGGGTGTGAATTATAAGTAGTTACAAAGTTCTGGGGCCCATTTAAGTCTGGGTATTATGTAGAAGCTTAACCAGGTGGTTGTGAAATTTTGCAATTGATATGAAATATTTATTT;2;45;175;TTGGAGGGAAAATTACAATACTAGGTATTAAGACTACAGTTACTGCAACTCAAAAAGTATATAGAAAAGGGTGTGAATTATAAGTAGTTACAAAGTTCTGGGGCCCATTTAAGTCTGGGTATTATGTAGAAGCTTAACCAGGTGGTTGTGAAATTTTGCAATTGATATGAAATATCAACTCAAAAAGTATATAGAAAAGGGTGTGAATTATAAGTAGTTACAAAGTTCTGGGGCCCATTTAAGTCTGGGTATTATGTAGAAGCTTAACCAGGTGGTTGTGAAATTTTGCAATTGATATGAAATATTTATTT;chr21
TTGGAGGGAAAATTACAATACTAGGTATTAAGACTACAGTTACTGCAACTCAAAAAGTATATAGAAAAGGGTGTGAATTATAAGTAGTTACAAAGTTCTGGGGCCCATTTAAGTCTGGGTATTATGTAGAAGCTTAACCAGGTGGTTGTGAAATTTTGCAATTGATATGAAATATTTATTT;4;80;143;TTGGAGGGAAAATTACAATACTAGGTATTAAGACTACAGTTACTGCAACTCAAAAAGTATATAGAAAAGGGTGTGAATTATGGACCAATTCGAAGATGTATTATGGGTCTGAATTTACCCGGGGTCTTGAAACATTGATGAATGGTTGTGAAATTTTGCAATTGATATGAAATATTTATTT;chr21
TTGGAGGGAAAATTACAATACTAGGTATTAAGACTACAGTTACTGCAACTCAAAAAGTATATAGAAAAGGGTGTGAATTATAAGTAGTTACAAAGTTCTGGGGCCCATTTAAGTCTGGGTATTATGTAGAAGCTTAACCAGGTGGTTGTGAAATTTTGCAATTGATATGAAATATTTATTT;4;37;179;TTGGAGGGAAAATTACAATACTAGGTATTAAGACTACTATTTATAAAGTATAGTTAACGTTTTAAAGTGTTGGTGGACCAATTCGAAGATGTATTATGGGTCTGAATTTACCCGGGGTCTTGAAACATTGATGAATATTAAGTGTGGGAAAAGATATATGAAAAACTCAACGTCATTGATT;chr21
TTGGAGGGAAAATTACAATACTAGGTATTAAGACTACAGTTACTGCAACTCAAAAAGTATATAGAAAAGGGTGTGAATTATAAGTAGTTACAAAGTTCTGGGGCCCATTTAAGTCTGGGTATTATGTAGAAGCTTAACCAGGTGGTTGTGAAATTTTGCAATTGATATGAAATATTTATTT;4;7;179;TTGGAGGTATTTATAAAGTATAGTTAACGTTTTAAAGTGTTGGTGGACCAATTCGAAGATGTATTATGGGTCTGAATTTACCCGGGGTCTTGAAACATTGATGAATATTAAGTGTGGGAAAAGATATATGAAAAACTCAACGTCATTGACATCAGAATTATGGATCATAACATTAAAAGTT;chr21
TTGGAGGGAAAATTACAATACTAGGTATTAAGACTACAGTTACTGCAACTCAAAAAGTATATAGAAAAGGGTGTGAATTATAAGTAGTTACAAAGTTCTGGGGCCCATTTAAGTCTGGGTATTATGTAGAAGCTTAACCAGGTGGTTGTGAAATTTTGCAATTGATATGAAATATTTATTT;2;33;172;TTGGAGGGAAAATTACAATACTAGGTATTAAGACTACAGTTACTGCAACTCAAAAAGTATATAGAAAAGGGTGTGAATTATAAGTAGTTACAAAGTTCTGGGGCCCATTTAAGTCTGGGTATTATGTAGAAGCTTAACCAGGTGGTTGTGAAATTTTGCAATTGATATGAAACTACAGTTACTGCAACTCAAAAAGTATATAGAAAAGGGTGTGAATTATAAGTAGTTACAAAGTTCTGGGGCCCATTTAAGTCTGGGTATTATGTAGAAGCTTAACCAGGTGGTTGTGAAATTTTGCAATTGATATGAAATATTTATTT;chr21
TTGGAGGGAAAATTACAATACTAGGTATTAAGACTACAGTTACTGCAACTCAAAAAGTATATAGAAAAGGGTGTGAATTATAAGTAGTTACAAAGTTCTGGGGCCCATTTAAGTCTGGGTATTATGTAGAAGCTTAACCAGGTGGTTGTGAAATTTTGCAATTGATATGAAATATTTATTT;3;126;336;TTGGAGGGAAAATTACAATACTAGGTATTAAGACTACAGTTACTGCAACTCAAAAAGTATATAGAAAAGGGTGTGAATTATAAGTAGTTACAAAGTTCTGGGGCCCATTTAAGTCTGGGTATTATGtggatgtggtgactgactcctgtaatcccagcacttcaggaggccaaggcgggtggatcgcttgagcgtaggggttcgagaccagcctgggcaacatgacgaaaccccctctctataaaaacaattagccaggtgtggtggtacacgcttgtagtcccagccactctggaagctgaagagaaaggatcatttaagcccagaaggtcaaggTAGAAGCTTAACCAGGTGGTTGTGAAATTTTGCAATTGATATGAAATATTTATTT;chr21
TTGGAGGGAAAATTACAATACTAGGTATTAAGACTACAGTTACTGCAACTCAAAAAGTATATAGAAAAGGGTGTGAATTATAAGTAGTTACAAAGTTCTGGGGCCCATTTAAGTCTGGGTATTATGTAGAAGCTTAACCAGGTGGTTGTGAAATTTTGCAATTGATATGAAATATTTATTT;2;30;169;TTGGAGGGAAAATTACAATACTAGGTATTAAGACTACAGTTACTGCAACTCAAAAAGTATATAGAAAAGGGTGTGAATTATAAGTAGTTACAAAGTTCTGGGGCCCATTTAAGTCTGGGTATTATGTAGAAGCTTAACCAGGTGGTTGTGAAATTTTGCAATTGATATGAGACTACAGTTACTGCAACTCAAAAAGTATATAGAAAAGGGTGTGAATTATAAGTAGTTACAAAGTTCTGGGGCCCATTTAAGTCTGGGTATTATGTAGAAGCTTAACCAGGTGGTTGTGAAATTTTGCAATTGATATGAAATATTTATTT;chr21
TTGGAGGGAAAATTACAATACTAGGTATTAAGACTACAGTTACTGCAACTCAAAAAGTATATAGAAAAGGGTGTGAATTATAAGTAGTTACAAAGTTCTGGGGCCCATTTAAGTCTGGGTATTATGTAGAAGCTTAACCAGGTGGTTGTGAAATTTTGCAATTGATATGAAATATTTATTT;4;20;129;TTGGAGGGAAAATTACAATAGATGTATTATGGGTCTGAATTTACCCGGGGTCTTGAAACATTGATGAATATTAAGTGTGGGAAAAGATATATGAAAAACTCAACGTCATTGACATCAGAATTATGGATCAAGCTTAACCAGGTGGTTGTGAAATTTTGCAATTGATATGAAATATTTATTT;chr21
TTGGAGGGAAAATTACAATACTAGGTATTAAGACTACAGTTACTGCAACTCAAAAAGTATATAGAAAAGGGTGTGAATTATAAGTAGTTACAAAGTTCTGGGGCCCATTTAAGTCTGGGTATTATGTAGAAGCTTAACCAGGTGGTTGTGAAATTTTGCAATTGATATGAAATATTTATTT;2;5;162;TTGGAGGGAAAATTACAATACTAGGTATTAAGACTACAGTTACTGCAACTCAAAAAGTATATAGAAAAGGGTGTGAATTATAAGTAGTTACAAAGTTCTGGGGCCCATTTAAGTCTGGGTATTATGTAGAAGCTTAACCAGGTGGTTGTGAAATTTTGCAATGGGAAAATTACAATACTAGGTATTAAGACTACAGTTACTGCAACTCAAAAAGTATATAGAAAAGGGTGTGAATTATAAGTAGTTACAAAGTTCTGGGGCCCATTTAAGTCTGGGTATTATGTAGAAGCTTAACCAGGTGGTTGTGAAATTTTGCAATTGATATGAAATATTTATTT;chr21
TTGGAGGGAAAATTACAATACTAGGTATTAAGACTACAGTTACTGCAACTCAAAAAGTATATAGAAAAGGGTGTGAATTATAAGTAGTTACAAAGTTCTGGGGCCCATTTAAGTCTGGGTATTATGTAGAAGCTTAACCAGGTGGTTGTGAAATTTTGCAATTGATATGAAATATTTATTT;1;94;168;TTGGAGGGAAAATTACAATACTAGGTATTAAGACTACAGTTACTGCAACTCAAAAAGTATATAGAAAAGGGTGTGAATTATAAGTAGTTACAAAGAAATATTTATTT;chr21
TTGGAGGGAAAATTACAATACTAGGTATTAAGACTACAGTTACTGCAACTCAAAAAGTATATAGAAAAGGGTGTGAATTATAAGTAGTTACAAAGTTCTGGGGCCCATTTAAGTCTGGGTATTATGTAGAAGCTTAACCAGGTGGTTGTGAAATTTTGCAATTGATATGAAATATTTATTT;2;69;179;TTGGAGGGAAAATTACAATACTAGGTATTAAGACTACAGTTACTGCAACTCAAAAAGTATATAGAAAAGGGTGTGAATTATAAGTAGTTACAAAGTTCTGGGGCCCATTTAAGTCTGGGTATTATGTAGAAGCTTAACCAGGTGGTTGTGAAATTTTGCAATTGATATGAAATATTTATGGTGTGAATTATAAGTAGTTACAAAGTTCTGGGGCCCATTTAAGTCTGGGTATTATGTAGAAGCTTAACCAGGTGGTTGTGAAATTTTGCAATTGATATGAAATATTTATTT;chr21
TTGGAGGGAAAATTACAATACTAGGTATTAAGACTACAGTTACTGCAACTCAAAAAGTATATAGAAAAGGGTGTGAATTATAAGTAGTTACAAAGTTCTGGGGCCCATTTAAGTCTGGGTATTATGTAGAAGCTTAACCAGGTGGTTGTGAAATTTTGCAATTGATATGAAATATTTATTT;4;78;133;TTGGAGGGAAAATTACAATACTAGGTATTAAGACTACAGTTACTGCAACTCAAAAAGTATATAGAAAAGGGTGTGAATCGAAGATGTATTATGGGTCTGAATTTACCCGGGGTCTTGAAACATTGATGAATATTTAACCAGGTGGTTGTGAAATTTTGCAATTGATATGAAATATTTATTT;chr21
TTGGAGGGAAAATTACAATACTAGGTATTAAGACTACAGTTACTGCAACTCAAAAAGTATATAGAAAAGGGTGTGAATTATAAGTAGTTACAAAGTTCTGGGGCCCATTTAAGTCTGGGTATTATGTAGAAGCTTAACCAGGTGGTTGTGAAATTTTGCAATTGATATGAAATATTTATTT;2;66;175;TTGGAGGGAAAATTACAATACTAGGTATTAAGACTACAGTTACTGCAACTCAAAAAGTATATAGAAAAGGGTGTGAATTATAAGTAGTTACAAAGTTCTGGGGCCCATTTAAGTCTGGGTATTATGTAGAAGCTTAACCAGGTGGTTGTGAAATTTTGCAATTGATATGAAATATAAGGGTGTGAATTATAAGTAGTTACAAAGTTCTGGGGCCCATTTAAGTCTGGGTATTATGTAGAAGCTTAACCAGGTGGTTGTGAAATTTTGCAATTGATATGAAATATTTATTT;chr21
TTGGAGGGAAAATTACAATACTAGGTATTAAGACTACAGTTACTGCAACTCAAAAAGTATATAGAAAAGGGTGTGAATTATAAGTAGTTACAAAGTTCTGGGGCCCATTTAAGTCTGGGTATTATGTAGAAGCTTAACCAGGTGGTTGTGAAATTTTGCAATTGATATGAAATATTTATTT;2;18;108;TTGGAGGGAAAATTACAATACTAGGTATTAAGACTACAGTTACTGCAACTCAAAAAGTATATAGAAAAGGGTGTGAATTATAAGTAGTTACAAAGTTCTGGGGCCCATTACTAGGTATTAAGACTACAGTTACTGCAACTCAAAAAGTATATAGAAAAGGGTGTGAATTATAAGTAGTTACAAAGTTCTGGGGCCCATTTAAGTCTGGGTATTATGTAGAAGCTTAACCAGGTGGTTGTGAAATTTTGCAATTGATATGAAATATTTATTT;chr21
TTGGAGGGAAAATTACAATACTAGGTATTAAGACTACAGTTACTGCAACTCAAAAAGTATATAGAAAAGGGTGTGAATTATAAGTAGTTACAAAGTTCTGGGGCCCATTTAAGTCTGGGTATTATGTAGAAGCTTAACCAGGTGGTTGTGAAATTTTGCAATTGATATGAAATATTTATTT;4;8;89;TTGGAGGGTTGATGAATATTAAGTGTGGGAAAAGATATATGAAAAACTCAACGTCATTGACATCAGAATTATGGATCATAACATTAAAAACAAAGTTCTGGGGCCCATTTAAGTCTGGGTATTATGTAGAAGCTTAACCAGGTGGTTGTGAAATTTTGCAATTGATATGAAATATTTATTT;chr21
TTGGAGGGAAAATTACAATACTAGGTATTAAGACTACAGTTACTGCAACTCAAAAAGTATATAGAAAAGGGTGTGAATTATAAGTAGTTACAAAGTTCTGGGGCCCATTTAAGTCTGGGTATTATGTAGAAGCTTAACCAGGTGGTTGTGAAATTTTGCAATTGATATGAAATATTTATTT;3;154;418;TTGGAGGGAAAATTACAATACTAGGTATTAAGACTACAGTTACTGCAACTCAAAAAGTATATAGAAAAGGGTGTGAATTATAAGTAGTTACAAAGTTCTGGGGCCCATTTAAGTCTGGGTATTATGTAGAAGCTTAACCAGGTGGTTGTGAAATAAAAAAGCAGTTGGTGACCTCATCCCTCAGGAACAGGTGGTGCTCCAGCTTTGTGGGGATGACTTTCAAGGTGCAGAGCACTTGAGCCGCATTTGAAGTCATTCATGTTTTACATCTCTGCTTTGGATGGAAAGTTGATCCCCCACAGCCGTTGGGGATGTACCTTAATATACTGGGGCTTATGAGTTAAATTTTTCTGTCTAGACAATGAAAACCCAGAAGTTCCACTTGCAGGTAGCCTCTTAATAATCGACGTCCCTAAGTTTTGCAATTGATATGAAATATTTATTT;chr21
TTGGAGGGAAAATTACAATACTAGGTATTAAGACTACAGTTACTGCAACTCAAAAAGTATATAGAAAAGGGTGTGAATTATAAGTAGTTACAAAGTTCTGGGGCCCATTTAAGTCTGGGTATTATGTAGAAGCTTAACCAGGTGGTTGTGAAATTTTGCAATTGATATGAAATATTTATTT;1;2;98;TTTGGGGCCCATTTAAGTCTGGGTATTATGTAGAAGCTTAACCAGGTGGTTGTGAAATTTTGCAATTGATATGAAATATTTATTT;chr21
TTGGAGGGAAAATTACAATACTAGGTATTAAGACTACAGTTACTGCAACTCAAAAAGTATATAGAAAAGGGTGTGAATTATAAGTAGTTACAAAGTTCTGGGGCCCATTTAAGTCTGGGTATTATGTAGAAGCTTAACCAGGTGGTTGTGAAATTTTGCAATTGATATGAAATATTTATTT;2;54;117;TTGGAGGGAAAATTACAATACTAGGTATTAAGACTACAGTTACTGCAACTCAAAAAGTATATAGAAAAGGGTGTGAATTATAAGTAGTTACAAAGTTCTGGGGCCCATTTAAGTCTGAAGTATATAGAAAAGGGTGTGAATTATAAGTAGTTACAAAGTTCTGGGGCCCATTTAAGTCTGGGTATTATGTAGAAGCTTAACCAGGTGGTTGTGAAATTTTGCAATTGATATGAAATATTTATTT;chr21
TTGGAGGGAAAATTACAATACTAGGTATTAAGACTACAGTTACTGCAACTCAAAAAGTATATAGAAAAGGGTGTGAATTATAAGTAGTTACAAAGTTCTGGGGCCCATTTAAGTCTGGGTATTATGTAGAAGCTTAACCAGGTGGTTGTGAAATTTTGCAATTGATATGAAATATTTATTT;3;119;315;TTGGAGGGAAAATTACAATACTAGGTATTAAGACTACAGTTACTGCAACTCAAAAAGTATATAGAAAAGGGTGTGAATTATAAGTAGTTACAAAGTTCTGGGGCCCATTTAAGTCTGGGACATATAGTATAAAATGGATATTAATCCATTAAATAAAAATAATAATCTTGAGAGTATTTCTTCTTGACATATTGACAAGATTGGATGAGAAAAAATGCCAATAGATTAGAATTTTATATAAGAAAGATAAACACCTAGGGAGAAGATTGAAGGAATTTGAAGTAGAACATCACCAACGTGTAACCAGGATCCGTCTATTATGTAGAAGCTTAACCAGGTGGTTGTGAAATTTTGCAATTGATATGAAATATTTATTT;chr21
TTGGAGGGAAAATTACAATACTAGGTATTAAGACTACAGTTACTGCAACTCAAAAAGTATATAGAAAAGGGTGTGAATTATAAGTAGTTACAAAGTTCTGGGGCCCATTTAAGTCTGGGTATTATGTAGAAGCTTAACCAGGTGGTTGTGAAATTTTGCAATTGATATGAAATATTTATTT;3;150;220;TTGGAGGGAAAATTACAATACTAGGTATTAAGACTACAGTTACTGCAACTCAAAAAGTATATAGAAAAGGGTGTGAATTATAAGTAGTTACAAAGTTCTGGGGCCCATTTAAGTCTGGGTATTATGTAGAAGCTTAACCAGGTGGTTGTGccatccaaatctcatcttgaattgtagttcccacaatccccaggtgttgtggaagtgacctggttggaggAAATTTTGCAATTGATATGAAATATTTATTT;chr21
TTGGAGGGAAAATTACAATACTAGGTATTAAGACTACAGTTACTGCAACTCAAAAAGTATATAGAAAAGGGTGTGAATTATAAGTAGTTACAAAGTTCTGGGGCCCATTTAAGTCTGGGTATTATGTAGAAGCTTAACCAGGTGGTTGTGAAATTTTGCAATTGATATGAAATATTTATTT;1;33;179;TTGGAGGGAAAATTACAATACTAGGTATTAAGATT;chr21
TTGGAGGGAAAATTACAATACTAGGTATTAAGACTACAGTTACTGCAACTCAAAAAGTATATAGAAAAGGGTGTGAATTATAAGTAGTTACAAAGTTCTGGGGCCCATTTAAGTCTGGGTATTATGTAGAAGCTTAACCAGGTGGTTGTGAAATTTTGCAATTGATATGAAATATTTATTT;3;1;162;TctcactctcatgaatagggtttttatttttcactaccatatcctcactgcctagaaaaaggcctagcatattggatgaagctacctaacaaatacttattaaatgagtgaaGGGAGTTTATCCTGGATATATTGTTTGATTAATTCTCACTTTAAAAATGTTGGAGGGAAAATTACAATACTAGGTATTAAGACTACAGTTACTGCAACTCAAAAAGTATATAGAAAAGGGTGTGAATTATAAGTAGTTACAAAGTTCTGGGGCCCATTTAAGTCTGGGTATTATGTAGAAGCTTAACCAGGTGGTTGTGAAATTTTGCAATTGATATGAAATATTTATTT;chr21
TTGGAGGGAAAATTACAATACTAGGTATTAAGACTACAGTTACTGCAACTCAAAAAGTATATAGAAAAGGGTGTGAATTATAAGTAGTTACAAAGTTCTGGGGCCCATTTAAGTCTGGGTATTATGTAGAAGCTTAACCAGGTGGTTGTGAAATTTTGCAATTGATATGAAATATTTATTT;4;23;166;TTGGAGGGAAAATTACAATACTATAGTTAACGTTTTAAAGTGTTGGTGGACCAATTCGAAGATGTATTATGGGTCTGAATTTACCCGGGGTCTTGAAACATTGATGAATATTAAGTGTGGGAAAAGATATATGAAAAACTCAACGTCATTGACATCAGAATTATGGATGAAATATTTATTT;chr21
TTGGAGGGAAAATTACAATACTAGGTATTAAGACTACAGTTACTGCAACTCAAAAAGTATATAGAAAAGGGTGTGAATTATAAGTAGTTACAAAGTTCTGGGGCCCATTTAAGTCTGGGTATTATGTAGAAGCTTAACCAGGTGGTTGTGAAATTTTGCAATTGATATGAAATATTTATTT;2;44;106;TTGGAGGGAAAATTACAATACTAGGTATTAAGACTACAGTTACTGCAACTCAAAAAGTATATAGAAAAGGGTGTGAATTATAAGTAGTTACAAAGTTCTGGGGCCCGCAACTCAAAAAGTATATAGAAAAGGGTGTGAATTATAAGTAGTTACAAAGTTCTGGGGCCCATTTAAGTCTGGGTATTATGTAGAAGCTTAACCAGGTGGTTGTGAAATTTTGCAATTGATATGAAATATTTATTT;chr21
TTGGAGGGAAAATTACAATACTAGGTATTAAGACTACAGTTACTGCAACTCAAAAAGTATATAGAAAAGGGTGTGAATTATAAGTAGTTACAAAGTTCTGGGGCCCATTTAAGTCTGGGTATTATGTAGAAGCTTAACCAGGTGGTTGTGAAATTTTGCAATTGATATGAAATATTTATTT;1;3;102;TTGGCCCATTTAAGTCTGGGTATTATGTAGAAGCTTAACCAGGTGGTTGTGAAATTTTGCAATTGATATGAAATATTTATTT;chr21
TTGGAGGGAAAATTACAATACTAGGTATTAAGACTACAGTTACTGCAACTCAAAAAGTATATAGAAAAGGGTGTGAATTATAAGTAGTTACAAAGTTCTGGGGCCCATTTAAGTCTGGGTATTATGTAGAAGCTTAACCAGGTGGTTGTGAAATTTTGCAATTGATATGAAATATTTATTT;1;5;161;TTGGATTGATATGAAATATTTATTT;chr21
TTGGAGGGAAAATTACAATACTAGGTATTAAGACTACAGTTACTGCAACTCAAAAAGTATATAGAAAAGGGTGTGAATTATAAGTAGTTACAAAGTTCTGGGGCCCATTTAAGTCTGGGTATTATGTAGAAGCTTAACCAGGTGGTTGTGAAATTTTGCAATTGATATGAAATATTTATTT;3;128;297;TTGGAGGGAAAATTACAATACTAGGTATTAAGACTACAGTTACTGCAACTCAAAAAGTATATAGAAAAGGGTGTGAATTATAAGTAGTTACAAAGTTCTGGGGCCCATTTAAGTCTGGGTATTATGTAtcaatctcctgacctcgtgatccgcccgcctcggcctcacaaaggactctacttctaatagtatggagaacactgatagtccttggcatgaactgtgtagatgcatttgacactcctgattcactgcacatgaggggcgaggagtttagtgactcatacataataccttGAAGCTTAACCAGGTGGTTGTGAAATTTTGCAATTGATATGAAATATTTATTT;chr21
TTGGAGGGAAAATTACAATACTAGGTATTAAGACTACAGTTACTGCAACTCAAAAAGTATATAGAAAAGGGTGTGAATTATAAGTAGTTACAAAGTTCTGGGGCCCATTTAAGTCTGGGTATTATGTAGAAGCTTAACCAGGTGGTTGTGAAATTTTGCAATTGATATGAAATATTTATTT;3;181;310;TTGGAGGGAAAATTACAATACTAGGTATTAAGACTACAGTTACTGCAACTCAAAAAGTATATAGAAAAGGGTGTGAATTATAAGTAGTTACAAAGTTCTGGGGCCCATTTAAGTCTGGGTATTATGTAGAAGCTTAACCAGGTGGTTGTGAAATTTTGCAATTGATATGAAATATTTATTT['attttttaattttatgacaatatatttacataagttcaataaaaatacgttttttacaataggatgtaactagaatgttaattatattaccaaggcttaagatattatactttaaaatgttgatata;chr21
TTGGAGGGAAAATTACAATACTAGGTATTAAGACTACAGTTACTGCAACTCAAAAAGTATATAGAAAAGGGTGTGAATTATAAGTAGTTACAAAGTTCTGGGGCCCATTTAAGTCTGGGTATTATGTAGAAGCTTAACCAGGTGGTTGTGAAATTTTGCAATTGATATGAAATATTTATTT;4;38;127;TTGGAGGGAAAATTACAATACTAGGTATTAAGACTACATGTATTATGGGTCTGAATTTACCCGGGGTCTTGAAACATTGATGAATATTAAGTGTGGGAAAAGATATATGAAAAACTCAACGTCATTGAGAAGCTTAACCAGGTGGTTGTGAAATTTTGCAATTGATATGAAATATTTATTT;chr21
TTGGAGGGAAAATTACAATACTAGGTATTAAGACTACAGTTACTGCAACTCAAAAAGTATATAGAAAAGGGTGTGAATTATAAGTAGTTACAAAGTTCTGGGGCCCATTTAAGTCTGGGTATTATGTAGAAGCTTAACCAGGTGGTTGTGAAATTTTGCAATTGATATGAAATATTTATTT;3;171;398;TTGGAGGGAAAATTACAATACTAGGTATTAAGACTACAGTTACTGCAACTCAAAAAGTATATAGAAAAGGGTGTGAATTATAAGTAGTTACAAAGTTCTGGGGCCCATTTAAGTCTGGGTATTATGTAGAAGCTTAACCAGGTGGTTGTGAAATTTTGCAATTGATATGAAGTTATAGGTACTATTTAAATGAGAAACATTTATTTATAAGCACAAATATATGTAGCATCAAAATATGTAAATCAGGAAAGTTTATAATTAGGAAGTATTGATAAAAACAAATGATATAATATTTTAGAGCATGTGCGAATTATATAGTTAAGAAAAACAACAAACATTATGGGGTTTGACCTAAGGTAACTTAAAAACCACTTAGTGGAATAGCTTTTTTGAAAAGCATATTTATTT;chr21
TTGGAGGGAAAATTACAATACTAGGTATTAAGACTACAGTTACTGCAACTCAAAAAGTATATAGAAAAGGGTGTGAATTATAAGTAGTTACAAAGTTCTGGGGCCCATTTAAGTCTGGGTATTATGTAGAAGCTTAACCAGGTGGTTGTGAAATTTTGCAATTGATATGAAATATTTATTT;4;24;161;TTGGAGGGAAAATTACAATACTAGAACGTTTTAAAGTGTTGGTGGACCAATTCGAAGATGTATTATGGGTCTGAATTTACCCGGGGTCTTGAAACATTGATGAATATTAAGTGTGGGAAAAGATATATGAAAAACTCAACGTCATTGACATCAGAATTATGTTGATATGAAATATTTATTT;chr21
TTGGAGGGAAAATTACAATACTAGGTATTAAGACTACAGTTACTGCAACTCAAAAAGTATATAGAAAAGGGTGTGAATTATAAGTAGTTACAAAGTTCTGGGGCCCATTTAAGTCTGGGTATTATGTAGAAGCTTAACCAGGTGGTTGTGAAATTTTGCAATTGATATGAAATATTTATTT;4;61;136;TTGGAGGGAAAATTACAATACTAGGTATTAAGACTACAGTTACTGCAACTCAAAAAGTATAATTCGAAGATGTATTATGGGTCTGAATTTACCCGGGGTCTTGAAACATTGATGAATATTAAGTGTGGGAAAAGATACCAGGTGGTTGTGAAATTTTGCAATTGATATGAAATATTTATTT;chr21
TTGGAGGGAAAATTACAATACTAGGTATTAAGACTACAGTTACTGCAACTCAAAAAGTATATAGAAAAGGGTGTGAATTATAAGTAGTTACAAAGTTCTGGGGCCCATTTAAGTCTGGGTATTATGTAGAAGCTTAACCAGGTGGTTGTGAAATTTTGCAATTGATATGAAATATTTATTT;1;28;158;TTGGAGGGAAAATTACAATACTAGGTATCAATTGATATGAAATATTTATTT;chr21
TTGGAGGGAAAATTACAATACTAGGTATTAAGACTACAGTTACTGCAACTCAAAAAGTATATAGAAAAGGGTGTGAATTATAAGTAGTTACAAAGTTCTGGGGCCCATTTAAGTCTGGGTATTATGTAGAAGCTTAACCAGGTGGTTGTGAAATTTTGCAATTGATATGAAATATTTATTT;3;38;138;TTGGAGGGAAAATTACAATACTAGGTATTAAGACTACAAAGAATATTAATGTTGCCTAAAGAAAAAATAATATGAACAGAAGATCCTCAATGTACATGGCAGAAGAAATTTTAATTTAATATTCTTTTATTATTTTCAGTTACTGCAACTCAAAAAGTATATAGAAAAGGGTGTGAATTATAAGTAGTTACAAAGTTCTGGGGCCCATTTAAGTCTGGGTATTATGTAGAAGCTTAACCAGGTGGTTGTGAAATTTTGCAATTGATATGAAATATTTATTT;chr21
TTGGAGGGAAAATTACAATACTAGGTATTAAGACTACAGTTACTGCAACTCAAAAAGTATATAGAAAAGGGTGTGAATTATAAGTAGTTACAAAGTTCTGGGGCCCATTTAAGTCTGGGTATTATGTAGAAGCTTAACCAGGTGGTTGTGAAATTTTGCAATTGATATGAAATATTTATTT;1;20;151;TTGGAGGGAAAATTACAATAAATTTTGCAATTGATATGAAATATTTATTT;chr21
TTGGAGGGAAAATTACAATACTAGGTATTAAGACTACAGTTACTGCAACTCAAAAAGTATATAGAAAAGGGTGTGAATTATAAGTAGTTACAAAGTTCTGGGGCCCATTTAAGTCTGGGTATTATGTAGAAGCTTAACCAGGTGGTTGTGAAATTTTGCAATTGATATGAAATATTTATTT;3;168;330;TTGGAGGGAAAATTACAATACTAGGTATTAAGACTACAGTTACTGCAACTCAAAAAGTATATAGAAAAGGGTGTGAATTATAAGTAGTTACAAAGTTCTGGGGCCCATTTAAGTCTGGGTATTATGTAGAAGCTTAACCAGGTGGTTGTGAAATTTTGCAATTGATAT'ctgggattacagacatgagccactgcacccagccTAGTCCCTTAGGTTAAAAGTGAGGTTTACTTTGACAAGTTTCACCTTTCAGTAGGGCTGTTCATTTCTTCCTAGTTTTTGTACACAGACACCAGAAAACAATCACGTCTGCAGCAAAACTGGTATT'GAAATATTTATTT;chr21
TTGGAGGGAAAATTACAATACTAGGTATTAAGACTACAGTTACTGCAACTCAAAAAGTATATAGAAAAGGGTGTGAATTATAAGTAGTTACAAAGTTCTGGGGCCCATTTAAGTCTGGGTATTATGTAGAAGCTTAACCAGGTGGTTGTGAAATTTTGCAATTGATATGAAATATTTATTT;1;54;104;TTGGAGGGAAAATTACAATACTAGGTATTAAGACTACAGTTACTGCAACTCAAACCATTTAAGTCTGGGTATTATGTAGAAGCTTAACCAGGTGGTTGTGAAATTTTGCAATTGATATGAAATATTTATTT;chr21
TTGGAGGGAAAATTACAATACTAGGTATTAAGACTACAGTTACTGCAACTCAAAAAGTATATAGAAAAGGGTGTGAATTATAAGTAGTTACAAAGTTCTGGGGCCCATTTAAGTCTGGGTATTATGTAGAAGCTTAACCAGGTGGTTGTGAAATTTTGCAATTGATATGAAATATTTATTT;2;6;95;TTGGAGGGAAAATTACAATACTAGGTATTAAGACTACAGTTACTGCAACTCAAAAAGTATATAGAAAAGGGTGTGAATTATAAGTAGTTACAAAGGGAAAATTACAATACTAGGTATTAAGACTACAGTTACTGCAACTCAAAAAGTATATAGAAAAGGGTGTGAATTATAAGTAGTTACAAAGTTCTGGGGCCCATTTAAGTCTGGGTATTATGTAGAAGCTTAACCAGGTGGTTGTGAAATTTTGCAATTGATATGAAATATTTATTT;chr21
TTGGAGGGAAAATTACAATACTAGGTATTAAGACTACAGTTACTGCAACTCAAAAAGTATATAGAAAAGGGTGTGAATTATAAGTAGTTACAAAGTTCTGGGGCCCATTTAAGTCTGGGTATTATGTAGAAGCTTAACCAGGTGGTTGTGAAATTTTGCAATTGATATGAAATATTTATTT;4;27;179;TTGGAGGGAAAATTACAATACTAGGTATATTTATAAAGTATAGTTAACGTTTTAAAGTGTTGGTGGACCAATTCGAAGATGTATTATGGGTCTGAATTTACCCGGGGTCTTGAAACATTGATGAATATTAAGTGTGGGAAAAGATATATGAAAAACTCAACGTCATTGACATCAGAATTTT;chr21
TTGGAGGGAAAATTACAATACTAGGTATTAAGACTACAGTTACTGCAACTCAAAAAGTATATAGAAAAGGGTGTGAATTATAAGTAGTTACAAAGTTCTGGGGCCCATTTAAGTCTGGGTATTATGTAGAAGCTTAACCAGGTGGTTGTGAAATTTTGCAATTGATATGAAATATTTATTT;4;55;158;TTGGAGGGAAAATTACAATACTAGGTATTAAGACTACAGTTACTGCAACTCAAAAGTTTTAAAGTGTTGGTGGACCAATTCGAAGATGTATTATGGGTCTGAATTTACCCGGGGTCTTGAAACATTGATGAATATTAAGTGTGGGAAAAGATATATGACAATTGATATGAAATATTTATTT;chr21
TTGGAGGGAAAATTACAATACTAGGTATTAAGACTACAGTTACTGCAACTCAAAAAGTATATAGAAAAGGGTGTGAATTATAAGTAGTTACAAAGTTCTGGGGCCCATTTAAGTCTGGGTATTATGTAGAAGCTTAACCAGGTGGTTGTGAAATTTTGCAATTGATATGAAATATTTATTT;4;28;177;TTGGAGGGAAAATTACAATACTAGGTATTTTATAAAGTATAGTTAACGTTTTAAAGTGTTGGTGGACCAATTCGAAGATGTATTATGGGTCTGAATTTACCCGGGGTCTTGAAACATTGATGAATATTAAGTGTGGGAAAAGATATATGAAAAACTCAACGTCATTGACATCAGAATATTT;chr21
TTGGAGGGAAAATTACAATACTAGGTATTAAGACTACAGTTACTGCAACTCAAAAAGTATATAGAAAAGGGTGTGAATTATAAGTAGTTACAAAGTTCTGGGGCCCATTTAAGTCTGGGTATTATGTAGAAGCTTAACCAGGTGGTTGTGAAATTTTGCAATTGATATGAAATATTTATTT;2;77;129;TTGGAGGGAAAATTACAATACTAGGTATTAAGACTACAGTTACTGCAACTCAAAAAGTATATAGAAAAGGGTGTGAATTATAAGTAGTTACAAAGTTCTGGGGCCCATTTAAGTCTGGGTATTATGTAGTTATAAGTAGTTACAAAGTTCTGGGGCCCATTTAAGTCTGGGTATTATGTAGAAGCTTAACCAGGTGGTTGTGAAATTTTGCAATTGATATGAAATATTTATTT;chr21
TTGGAGGGAAAATTACAATACTAGGTATTAAGACTACAGTTACTGCAACTCAAAAAGTATATAGAAAAGGGTGTGAATTATAAGTAGTTACAAAGTTCTGGGGCCCATTTAAGTCTGGGTATTATGTAGAAGCTTAACCAGGTGGTTGTGAAATTTTGCAATTGATATGAAATATTTATTT;2;18;174;TTGGAGGGAAAATTACAATACTAGGTATTAAGACTACAGTTACTGCAACTCAAAAAGTATATAGAAAAGGGTGTGAATTATAAGTAGTTACAAAGTTCTGGGGCCCATTTAAGTCTGGGTATTATGTAGAAGCTTAACCAGGTGGTTGTGAAATTTTGCAATTGATATGAAATATACTAGGTATTAAGACTACAGTTACTGCAACTCAAAAAGTATATAGAAAAGGGTGTGAATTATAAGTAGTTACAAAGTTCTGGGGCCCATTTAAGTCTGGGTATTATGTAGAAGCTTAACCAGGTGGTTGTGAAATTTTGCAATTGATATGAAATATTTATTT;chr21
TTGGAGGGAAAATTACAATACTAGGTATTAAGACTACAGTTACTGCAACTCAAAAAGTATATAGAAAAGGGTGTGAATTATAAGTAGTTACAAAGTTCTGGGGCCCATTTAAGTCTGGGTATTATGTAGAAGCTTAACCAGGTGGTTGTGAAATTTTGCAATTGATATGAAATATTTATTT;2;87;154;TTGGAGGGAAAATTACAATACTAGGTATTAAGACTACAGTTACTGCAACTCAAAAAGTATATAGAAAAGGGTGTGAATTATAAGTAGTTACAAAGTTCTGGGGCCCATTTAAGTCTGGGTATTATGTAGAAGCTTAACCAGGTGGTTGTGAAATTTACAAAGTTCTGGGGCCCATTTAAGTCTGGGTATTATGTAGAAGCTTAACCAGGTGGTTGTGAAATTTTGCAATTGATATGAAATATTTATTT;chr21
TTGGAGGGAAAATTACAATACTAGGTATTAAGACTACAGTTACTGCAACTCAAAAAGTATATAGAAAAGGGTGTGAATTATAAGTAGTTACAAAGTTCTGGGGCCCATTTAAGTCTGGGTATTATGTAGAAGCTTAACCAGGTGGTTGTGAAATTTTGCAATTGATATGAAATATTTATTT;2;10;123;TTGGAGGGAAAATTACAATACTAGGTATTAAGACTACAGTTACTGCAACTCAAAAAGTATATAGAAAAGGGTGTGAATTATAAGTAGTTACAAAGTTCTGGGGCCCATTTAAGTCTGGGTATTAATTACAATACTAGGTATTAAGACTACAGTTACTGCAACTCAAAAAGTATATAGAAAAGGGTGTGAATTATAAGTAGTTACAAAGTTCTGGGGCCCATTTAAGTCTGGGTATTATGTAGAAGCTTAACCAGGTGGTTGTGAAATTTTGCAATTGATATGAAATATTTATTT;chr21
TTGGAGGGAAAATTACAATACTAGGTATTAAGACTACAGTTACTGCAACTCAAAAAGTATATAGAAAAGGGTGTGAATTATAAGTAGTTACAAAGTTCTGGGGCCCATTTAAGTCTGGGTATTATGTAGAAGCTTAACCAGGTGGTTGTGAAATTTTGCAATTGATATGAAATATTTATTT;3;43;132;TTGGAGGGAAAATTACAATACTAGGTATTAAGACTACAGTTACacgttttttacaataggatgtaactagaatgttaattatattaccaaggcttaagatattatactttaaaatgttgatatatactac']TGCAACTCAAAAAGTATATAGAAAAGGGTGTGAATTATAAGTAGTTACAAAGTTCTGGGGCCCATTTAAGTCTGGGTATTATGTAGAAGCTTAACCAGGTGGTTGTGAAATTTTGCAATTGATATGAAATATTTATTT;chr21
TTGGAGGGAAAATTACAATACTAGGTATTAAGACTACAGTTACTGCAACTCAAAAAGTATATAGAAAAGGGTGTGAATTATAAGTAGTTACAAAGTTCTGGGGCCCATTTAAGTCTGGGTATTATGTAGAAGCTTAACCAGGTGGTTGTGAAATTTTGCAATTGATATGAAATATTTATTT;3;52;190;TTGGAGGGAAAATTACAATACTAGGTATTAAGACTACAGTTACTGCAACTCAACTCAGCATTCCCTGAATTCTCAGGCATTCCACTTGTCCTGTATTAATTTCCACCTGTAGGTATTTATCCTAAGGACACCGCATTTAGAGTGTCCTTGCAAGAGGGGATGCTCCTCTCTTCAGCTAAACTTAGCTATTAAAAGTATATAGAAAAGGGTGTGAATTATAAGTAGTTACAAAGTTCTGGGGCCCATTTAAGTCTGGGTATTATGTAGAAGCTTAACCAGGTGGTTGTGAAATTTTGCAATTGATATGAAATATTTATTT;chr21
TTGGAGGGAAAATTACAATACTAGGTATTAAGACTACAGTTACTGCAACTCAAAAAGTATATAGAAAAGGGTGTGAATTATAAGTAGTTACAAAGTTCTGGGGCCCATTTAAGTCTGGGTATTATGTAGAAGCTTAACCAGGTGGTTGTGAAATTTTGCAATTGATATGAAATATTTATTT;1;35;154;TTGGAGGGAAAATTACAATACTAGGTATTAAGACTTTTGCAATTGATATGAAATATTTATTT;chr21
TTGGAGGGAAAATTACAATACTAGGTATTAAGACTACAGTTACTGCAACTCAAAAAGTATATAGAAAAGGGTGTGAATTATAAGTAGTTACAAAGTTCTGGGGCCCATTTAAGTCTGGGTATTATGTAGAAGCTTAACCAGGTGGTTGTGAAATTTTGCAATTGATATGAAATATTTATTT;1;9;139;TTGGAGGGAAGGTGGTTGTGAAATTTTGCAATTGATATGAAATATTTATTT;chr21
TTGGAGGGAAAATTACAATACTAGGTATTAAGACTACAGTTACTGCAACTCAAAAAGTATATAGAAAAGGGTGTGAATTATAAGTAGTTACAAAGTTCTGGGGCCCATTTAAGTCTGGGTATTATGTAGAAGCTTAACCAGGTGGTTGTGAAATTTTGCAATTGATATGAAATATTTATTT;4;91;167;TTGGAGGGAAAATTACAATACTAGGTATTAAGACTACAGTTACTGCAACTCAAAAAGTATATAGAAAAGGGTGTGAATTATAAGTAGTTACATAGTTAACGTTTTAAAGTGTTGGTGGACCAATTCGAAGATGTATTATGGGTCTGAATTTACCCGGGGTCTTGAAATGAAATATTTATTT;chr21
TTGGAGGGAAAATTACAATACTAGGTATTAAGACTACAGTTACTGCAACTCAAAAAGTATATAGAAAAGGGTGTGAATTATAAGTAGTTACAAAGTTCTGGGGCCCATTTAAGTCTGGGTATTATGTAGAAGCTTAACCAGGTGGTTGTGAAATTTTGCAATTGATATGAAATATTTATTT;2;5;92;TTGGAGGGAAAATTACAATACTAGGTATTAAGACTACAGTTACTGCAACTCAAAAAGTATATAGAAAAGGGTGTGAATTATAAGTAGTTACAGGGAAAATTACAATACTAGGTATTAAGACTACAGTTACTGCAACTCAAAAAGTATATAGAAAAGGGTGTGAATTATAAGTAGTTACAAAGTTCTGGGGCCCATTTAAGTCTGGGTATTATGTAGAAGCTTAACCAGGTGGTTGTGAAATTTTGCAATTGATATGAAATATTTATTT;chr21
TTGGAGGGAAAATTACAATACTAGGTATTAAGACTACAGTTACTGCAACTCAAAAAGTATATAGAAAAGGGTGTGAATTATAAGTAGTTACAAAGTTCTGGGGCCCATTTAAGTCTGGGTATTATGTAGAAGCTTAACCAGGTGGTTGTGAAATTTTGCAATTGATATGAAATATTTATTT;1;100;175;TTGGAGGGAAAATTACAATACTAGGTATTAAGACTACAGTTACTGCAACTCAAAAAGTATATAGAAAAGGGTGTGAATTATAAGTAGTTACAAAGTTCTGTTATTT;chr21
TTGGAGGGAAAATTACAATACTAGGTATTAAGACTACAGTTACTGCAACTCAAAAAGTATATAGAAAAGGGTGTGAATTATAAGTAGTTACAAAGTTCTGGGGCCCATTTAAGTCTGGGTATTATGTAGAAGCTTAACCAGGTGGTTGTGAAATTTTGCAATTGATATGAAATATTTATTT;2;26;154;TTGGAGGGAAAATTACAATACTAGGTATTAAGACTACAGTTACTGCAACTCAAAAAGTATATAGAAAAGGGTGTGAATTATAAGTAGTTACAAAGTTCTGGGGCCCATTTAAGTCTGGGTATTATGTAGAAGCTTAACCAGGTGGTTGTGAAATATTAAGACTACAGTTACTGCAACTCAAAAAGTATATAGAAAAGGGTGTGAATTATAAGTAGTTACAAAGTTCTGGGGCCCATTTAAGTCTGGGTATTATGTAGAAGCTTAACCAGGTGGTTGTGAAATTTTGCAATTGATATGAAATATTTATTT;chr21
TTGGAGGGAAAATTACAATACTAGGTATTAAGACTACAGTTACTGCAACTCAAAAAGTATATAGAAAAGGGTGTGAATTATAAGTAGTTACAAAGTTCTGGGGCCCATTTAAGTCTGGGTATTATGTAGAAGCTTAACCAGGTGGTTGTGAAATTTTGCAATTGATATGAAATATTTATTT;4;33;89;TTGGAGGGAAAATTACAATACTAGGTATTAAGATTGATGAATATTAAGTGTGGGAAAAGATATATGAAAAACTCAACGTCATTGACATCACAAAGTTCTGGGGCCCATTTAAGTCTGGGTATTATGTAGAAGCTTAACCAGGTGGTTGTGAAATTTTGCAATTGATATGAAATATTTATTT;chr21
TTGGAGGGAAAATTACAATACTAGGTATTAAGACTACAGTTACTGCAACTCAAAAAGTATATAGAAAAGGGTGTGAATTATAAGTAGTTACAAAGTTCTGGGGCCCATTTAAGTCTGGGTATTATGTAGAAGCTTAACCAGGTGGTTGTGAAATTTTGCAATTGATATGAAATATTTATTT;2;18;176;TTGGAGGGAAAATTACAATACTAGGTATTAAGACTACAGTTACTGCAACTCAAAAAGTATATAGAAAAGGGTGTGAATTATAAGTAGTTACAAAGTTCTGGGGCCCATTTAAGTCTGGGTATTATGTAGAAGCTTAACCAGGTGGTTGTGAAATTTTGCAATTGATATGAAATATTTACTAGGTATTAAGACTACAGTTACTGCAACTCAAAAAGTATATAGAAAAGGGTGTGAATTATAAGTAGTTACAAAGTTCTGGGGCCCATTTAAGTCTGGGTATTATGTAGAAGCTTAACCAGGTGGTTGTGAAATTTTGCAATTGATATGAAATATTTATTT;chr21
TTGGAGGGAAAATTACAATACTAGGTATTAAGACTACAGTTACTGCAACTCAAAAAGTATATAGAAAAGGGTGTGAATTATAAGTAGTTACAAAGTTCTGGGGCCCATTTAAGTCTGGGTATTATGTAGAAGCTTAACCAGGTGGTTGTGAAATTTTGCAATTGATATGAAATATTTATTT;2;17;156;TTGGAGGGAAAATTACAATACTAGGTATTAAGACTACAGTTACTGCAACTCAAAAAGTATATAGAAAAGGGTGTGAATTATAAGTAGTTACAAAGTTCTGGGGCCCATTTAAGTCTGGGTATTATGTAGAAGCTTAACCAGGTGGTTGTGAAATTTATACTAGGTATTAAGACTACAGTTACTGCAACTCAAAAAGTATATAGAAAAGGGTGTGAATTATAAGTAGTTACAAAGTTCTGGGGCCCATTTAAGTCTGGGTATTATGTAGAAGCTTAACCAGGTGGTTGTGAAATTTTGCAATTGATATGAAATATTTATTT;chr21
TTGGAGGGAAAATTACAATACTAGGTATTAAGACTACAGTTACTGCAACTCAAAAAGTATATAGAAAAGGGTGTGAATTATAAGTAGTTACAAAGTTCTGGGGCCCATTTAAGTCTGGGTATTATGTAGAAGCTTAACCAGGTGGTTGTGAAATTTTGCAATTGATATGAAATATTTATTT;3;83;266;TTGGAGGGAAAATTACAATACTAGGTATTAAGACTACAGTTACTGCAACTCAAAAAGTATATAGAAAAGGGTGTGAATTATAAttgacgtggccgtcgcccggctggcctgtgagtgctgcatgggccacgcctgcatgtggcttgctcaccgtgggatccccaacacttctggaggtgcctggaccacagtgggtgtccCCAGACAGCCGCAGAACACACAAGGGAATGTGCATTCAACCCTCATCTCCTAAGGAGGCTGTGGCCGTAGTTACAAAGTTCTGGGGCCCATTTAAGTCTGGGTATTATGTAGAAGCTTAACCAGGTGGTTGTGAAATTTTGCAATTGATATGAAATATTTATTT;chr21
TTGGAGGGAAAATTACAATACTAGGTATTAAGACTACAGTTACTGCAACTCAAAAAGTATATAGAAAAGGGTGTGAATTATAAGTAGTTACAAAGTTCTGGGGCCCATTTAAGTCTGGGTATTATGTAGAAGCTTAACCAGGTGGTTGTGAAATTTTGCAATTGATATGAAATATTTATTT;1;33;161;TTGGAGGGAAAATTACAATACTAGGTATTAAGATTGATATGAAATATTTATTT;chr21
TTGGAGGGAAAATTACAATACTAGGTATTAAGACTACAGTTACTGCAACTCAAAAAGTATATAGAAAAGGGTGTGAATTATAAGTAGTTACAAAGTTCTGGGGCCCATTTAAGTCTGGGTATTATGTAGAAGCTTAACCAGGTGGTTGTGAAATTTTGCAATTGATATGAAATATTTATTT;1;12;171;TTGGAGGGAAAAATATTTATTT;chr21
TTGGAGGGAAAATTACAATACTAGGTATTAAGACTACAGTTACTGCAACTCAAAAAGTATATAGAAAAGGGTGTGAATTATAAGTAGTTACAAAGTTCTGGGGCCCATTTAAGTCTGGGTATTATGTAGAAGCTTAACCAGGTGGTTGTGAAATTTTGCAATTGATATGAAATATTTATTT;3;93;405;TTGGAGGGAAAATTACAATACTAGGTATTAAGACTACAGTTACTGCAACTCAAAAAGTATATAGAAAAGGGTGTGAATTATAAGTAGTTACAAGCCTACTCAGCATTCCCTGAATTCTCAGGCATTCCACTTGTCCTGTATTAATTTCCACCTGTAGGTATTTATCCTAAGGACACCGCATTTAGAGTGTCCTTGCAAGAGGGGATGCTCCTCTCTTCAGCTAAACTTAGCTATTTAAAGTAAAAAGGGTGGTAGTTTTGTTTACCTGTTAACACAACTCATGGAAGAGAGAAAAATTCAAGCATGCCACTAATTGCTGCAGTCAGACAGACAGGTGGATAGGCGGGCTCCATAGCGGAATGTTCTGGCTTCTCCCACTAAATTTGCAGTTGTTCGTCTAATCTCAGTTCTGGGGCCCATTTAAGTCTGGGTATTATGTAGAAGCTTAACCAGGTGGTTGTGAAATTTTGCAATTGATATGAAATATTTATTT;chr21
TTGGAGGGAAAATTACAATACTAGGTATTAAGACTACAGTTACTGCAACTCAAAAAGTATATAGAAAAGGGTGTGAATTATAAGTAGTTACAAAGTTCTGGGGCCCATTTAAGTCTGGGTATTATGTAGAAGCTTAACCAGGTGGTTGTGAAATTTTGCAATTGATATGAAATATTTATTT;4;15;168;TTGGAGGGAAAATTATATAGTTAACGTTTTAAAGTGTTGGTGGACCAATTCGAAGATGTATTATGGGTCTGAATTTACCCGGGGTCTTGAAACATTGATGAATATTAAGTGTGGGAAAAGATATATGAAAAACTCAACGTCATTGACATCAGAATTATGGATCATAACGAAATATTTATTT;chr21
TTGGAGGGAAAATTACAATACTAGGTATTAAGACTACAGTTACTGCAACTCAAAAAGTATATAGAAAAGGGTGTGAATTATAAGTAGTTACAAAGTTCTGGGGCCCATTTAAGTCTGGGTATTATGTAGAAGCTTAACCAGGTGGTTGTGAAATTTTGCAATTGATATGAAATATTTATTT;1;17;113;TTGGAGGGAAAATTACATCTGGGTATTATGTAGAAGCTTAACCAGGTGGTTGTGAAATTTTGCAATTGATATGAAATATTTATTT;chr21
TTGGAGGGAAAATTACAATACTAGGTATTAAGACTACAGTTACTGCAACTCAAAAAGTATATAGAAAAGGGTGTGAATTATAAGTAGTTACAAAGTTCTGGGGCCCATTTAAGTCTGGGTATTATGTAGAAGCTTAACCAGGTGGTTGTGAAATTTTGCAATTGATATGAAATATTTATTT;2;48;108;TTGGAGGGAAAATTACAATACTAGGTATTAAGACTACAGTTACTGCAACTCAAAAAGTATATAGAAAAGGGTGTGAATTATAAGTAGTTACAAAGTTCTGGGGCCCATCTCAAAAAGTATATAGAAAAGGGTGTGAATTATAAGTAGTTACAAAGTTCTGGGGCCCATTTAAGTCTGGGTATTATGTAGAAGCTTAACCAGGTGGTTGTGAAATTTTGCAATTGATATGAAATATTTATTT;chr21
TTGGAGGGAAAATTACAATACTAGGTATTAAGACTACAGTTACTGCAACTCAAAAAGTATATAGAAAAGGGTGTGAATTATAAGTAGTTACAAAGTTCTGGGGCCCATTTAAGTCTGGGTATTATGTAGAAGCTTAACCAGGTGGTTGTGAAATTTTGCAATTGATATGAAATATTTATTT;4;49;135;TTGGAGGGAAAATTACAATACTAGGTATTAAGACTACAGTTACTGCAACTTCGAAGATGTATTATGGGTCTGAATTTACCCGGGGTCTTGAAACATTGATGAATATTAAGTGTGGGAAAAGATATATGAAAAACTAACCAGGTGGTTGTGAAATTTTGCAATTGATATGAAATATTTATTT;chr21
TTGGAGGGAAAATTACAATACTAGGTATTAAGACTACAGTTACTGCAACTCAAAAAGTATATAGAAAAGGGTGTGAATTATAAGTAGTTACAAAGTTCTGGGGCCCATTTAAGTCTGGGTATTATGTAGAAGCTTAACCAGGTGGTTGTGAAATTTTGCAATTGATATGAAATATTTATTT;4;50;175;TTGGAGGGAAAATTACAATACTAGGTATTAAGACTACAGTTACTGCAACTTATAAAGTATAGTTAACGTTTTAAAGTGTTGGTGGACCAATTCGAAGATGTATTATGGGTCTGAATTTACCCGGGGTCTTGAAACATTGATGAATATTAAGTGTGGGAAAAGATATATGAAAAACTTATTT;chr21
TTGGAGGGAAAATTACAATACTAGGTATTAAGACTACAGTTACTGCAACTCAAAAAGTATATAGAAAAGGGTGTGAATTATAAGTAGTTACAAAGTTCTGGGGCCCATTTAAGTCTGGGTATTATGTAGAAGCTTAACCAGGTGGTTGTGAAATTTTGCAATTGATATGAAATATTTATTT;2;10;154;TTGGAGGGAAAATTACAATACTAGGTATTAAGACTACAGTTACTGCAACTCAAAAAGTATATAGAAAAGGGTGTGAATTATAAGTAGTTACAAAGTTCTGGGGCCCATTTAAGTCTGGGTATTATGTAGAAGCTTAACCAGGTGGTTGTGAAATAATTACAATACTAGGTATTAAGACTACAGTTACTGCAACTCAAAAAGTATATAGAAAAGGGTGTGAATTATAAGTAGTTACAAAGTTCTGGGGCCCATTTAAGTCTGGGTATTATGTAGAAGCTTAACCAGGTGGTTGTGAAATTTTGCAATTGATATGAAATATTTATTT;chr21
TTGGAGGGAAAATTACAATACTAGGTATTAAGACTACAGTTACTGCAACTCAAAAAGTATATAGAAAAGGGTGTGAATTATAAGTAGTTACAAAGTTCTGGGGCCCATTTAAGTCTGGGTATTATGTAGAAGCTTAACCAGGTGGTTGTGAAATTTTGCAATTGATATGAAATATTTATTT;4;13;170;TTGGAGGGAAAATAGTATAGTTAACGTTTTAAAGTGTTGGTGGACCAATTCGAAGATGTATTATGGGTCTGAATTTACCCGGGGTCTTGAAACATTGATGAATATTAAGTGTGGGAAAAGATATATGAAAAACTCAACGTCATTGACATCAGAATTATGGATCATAACATAATATTTATTT;chr21
TTGGAGGGAAAATTACAATACTAGGTATTAAGACTACAGTTACTGCAACTCAAAAAGTATATAGAAAAGGGTGTGAATTATAAGTAGTTACAAAGTTCTGGGGCCCATTTAAGTCTGGGTATTATGTAGAAGCTTAACCAGGTGGTTGTGAAATTTTGCAATTGATATGAAATATTTATTT;1;15;81;TTGGAGGGAAAATTAAAGTAGTTACAAAGTTCTGGGGCCCATTTAAGTCTGGGTATTATGTAGAAGCTTAACCAGGTGGTTGTGAAATTTTGCAATTGATATGAAATATTTATTT;chr21
TTGGAGGGAAAATTACAATACTAGGTATTAAGACTACAGTTACTGCAACTCAAAAAGTATATAGAAAAGGGTGTGAATTATAAGTAGTTACAAAGTTCTGGGGCCCATTTAAGTCTGGGTATTATGTAGAAGCTTAACCAGGTGGTTGTGAAATTTTGCAATTGATATGAAATATTTATTT;1;75;177;TTGGAGGGAAAATTACAATACTAGGTATTAAGACTACAGTTACTGCAACTCAAAAAGTATATAGAAAAGGGTGTGATTT;chr21
TTGGAGGGAAAATTACAATACTAGGTATTAAGACTACAGTTACTGCAACTCAAAAAGTATATAGAAAAGGGTGTGAATTATAAGTAGTTACAAAGTTCTGGGGCCCATTTAAGTCTGGGTATTATGTAGAAGCTTAACCAGGTGGTTGTGAAATTTTGCAATTGATATGAAATATTTATTT;1;80;150;TTGGAGGGAAAATTACAATACTAGGTATTAAGACTACAGTTACTGCAACTCAAAAAGTATATAGAAAAGGGTGTGAATTAAAATTTTGCAATTGATATGAAATATTTATTT;chr21
TTGGAGGGAAAATTACAATACTAGGTATTAAGACTACAGTTACTGCAACTCAAAAAGTATATAGAAAAGGGTGTGAATTATAAGTAGTTACAAAGTTCTGGGGCCCATTTAAGTCTGGGTATTATGTAGAAGCTTAACCAGGTGGTTGTGAAATTTTGCAATTGATATGAAATATTTATTT;2;38;177;TTGGAGGGAAAATTACAATACTAGGTATTAAGACTACAGTTACTGCAACTCAAAAAGTATATAGAAAAGGGTGTGAATTATAAGTAGTTACAAAGTTCTGGGGCCCATTTAAGTCTGGGTATTATGTAGAAGCTTAACCAGGTGGTTGTGAAATTTTGCAATTGATATGAAATATTTGTTACTGCAACTCAAAAAGTATATAGAAAAGGGTGTGAATTATAAGTAGTTACAAAGTTCTGGGGCCCATTTAAGTCTGGGTATTATGTAGAAGCTTAACCAGGTGGTTGTGAAATTTTGCAATTGATATGAAATATTTATTT;chr21
TTGGAGGGAAAATTACAATACTAGGTATTAAGACTACAGTTACTGCAACTCAAAAAGTATATAGAAAAGGGTGTGAATTATAAGTAGTTACAAAGTTCTGGGGCCCATTTAAGTCTGGGTATTATGTAGAAGCTTAACCAGGTGGTTGTGAAATTTTGCAATTGATATGAAATATTTATTT;4;24;181;TTGGAGGGAAAATTACAATACTAGTTTATTTATAAAGTATAGTTAACGTTTTAAAGTGTTGGTGGACCAATTCGAAGATGTATTATGGGTCTGAATTTACCCGGGGTCTTGAAACATTGATGAATATTAAGTGTGGGAAAAGATATATGAAAAACTCAACGTCATTGACATCAGAATTATG;chr21
TTGGAGGGAAAATTACAATACTAGGTATTAAGACTACAGTTACTGCAACTCAAAAAGTATATAGAAAAGGGTGTGAATTATAAGTAGTTACAAAGTTCTGGGGCCCATTTAAGTCTGGGTATTATGTAGAAGCTTAACCAGGTGGTTGTGAAATTTTGCAATTGATATGAAATATTTATTT;1;82;150;TTGGAGGGAAAATTACAATACTAGGTATTAAGACTACAGTTACTGCAACTCAAAAAGTATATAGAAAAGGGTGTGAATTATAAAATTTTGCAATTGATATGAAATATTTATTT;chr21
TTGGAGGGAAAATTACAATACTAGGTATTAAGACTACAGTTACTGCAACTCAAAAAGTATATAGAAAAGGGTGTGAATTATAAGTAGTTACAAAGTTCTGGGGCCCATTTAAGTCTGGGTATTATGTAGAAGCTTAACCAGGTGGTTGTGAAATTTTGCAATTGATATGAAATATTTATTT;1;34;159;TTGGAGGGAAAATTACAATACTAGGTATTAAGACAATTGATATGAAATATTTATTT;chr21
TTGGAGGGAAAATTACAATACTAGGTATTAAGACTACAGTTACTGCAACTCAAAAAGTATATAGAAAAGGGTGTGAATTATAAGTAGTTACAAAGTTCTGGGGCCCATTTAAGTCTGGGTATTATGTAGAAGCTTAACCAGGTGGTTGTGAAATTTTGCAATTGATATGAAATATTTATTT;1;0;108;TTAAGTCTGGGTATTATGTAGAAGCTTAACCAGGTGGTTGTGAAATTTTGCAATTGATATGAAATATTTATTT;chr21
TTGGAGGGAAAATTACAATACTAGGTATTAAGACTACAGTTACTGCAACTCAAAAAGTATATAGAAAAGGGTGTGAATTATAAGTAGTTACAAAGTTCTGGGGCCCATTTAAGTCTGGGTATTATGTAGAAGCTTAACCAGGTGGTTGTGAAATTTTGCAATTGATATGAAATATTTATTT;2;53;129;TTGGAGGGAAAATTACAATACTAGGTATTAAGACTACAGTTACTGCAACTCAAAAAGTATATAGAAAAGGGTGTGAATTATAAGTAGTTACAAAGTTCTGGGGCCCATTTAAGTCTGGGTATTATGTAGAAAGTATATAGAAAAGGGTGTGAATTATAAGTAGTTACAAAGTTCTGGGGCCCATTTAAGTCTGGGTATTATGTAGAAGCTTAACCAGGTGGTTGTGAAATTTTGCAATTGATATGAAATATTTATTT;chr21
TTGGAGGGAAAATTACAATACTAGGTATTAAGACTACAGTTACTGCAACTCAAAAAGTATATAGAAAAGGGTGTGAATTATAAGTAGTTACAAAGTTCTGGGGCCCATTTAAGTCTGGGTATTATGTAGAAGCTTAACCAGGTGGTTGTGAAATTTTGCAATTGATATGAAATATTTATTT;4;31;180;TTGGAGGGAAAATTACAATACTAGGTATTAATTATTTATAAAGTATAGTTAACGTTTTAAAGTGTTGGTGGACCAATTCGAAGATGTATTATGGGTCTGAATTTACCCGGGGTCTTGAAACATTGATGAATATTAAGTGTGGGAAAAGATATATGAAAAACTCAACGTCATTGACATCAGT;chr21
TTGGAGGGAAAATTACAATACTAGGTATTAAGACTACAGTTACTGCAACTCAAAAAGTATATAGAAAAGGGTGTGAATTATAAGTAGTTACAAAGTTCTGGGGCCCATTTAAGTCTGGGTATTATGTAGAAGCTTAACCAGGTGGTTGTGAAATTTTGCAATTGATATGAAATATTTATTT;2;113;180;TTGGAGGGAAAATTACAATACTAGGTATTAAGACTACAGTTACTGCAACTCAAAAAGTATATAGAAAAGGGTGTGAATTATAAGTAGTTACAAAGTTCTGGGGCCCATTTAAGTCTGGGTATTATGTAGAAGCTTAACCAGGTGGTTGTGAAATTTTGCAATTGATATGAAATATTTATTTCTGGGTATTATGTAGAAGCTTAACCAGGTGGTTGTGAAATTTTGCAATTGATATGAAATATTTATTT;chr21
TTGGAGGGAAAATTACAATACTAGGTATTAAGACTACAGTTACTGCAACTCAAAAAGTATATAGAAAAGGGTGTGAATTATAAGTAGTTACAAAGTTCTGGGGCCCATTTAAGTCTGGGTATTATGTAGAAGCTTAACCAGGTGGTTGTGAAATTTTGCAATTGATATGAAATATTTATTT;3;88;194;TTGGAGGGAAAATTACAATACTAGGTATTAAGACTACAGTTACTGCAACTCAAAAAGTATATAGAAAAGGGTGTGAATTATAAGTAGTCCTATGGCTCCTAGCATTACTGCCACTTGATCGGACCCCATTTTCACAATCCACAGCTTTTCTCTAAAACCAGCCACCAAACTCTGATTGTGATACACTCACCCACTACAAAGTTCTGGGGCCCATTTAAGTCTGGGTATTATGTAGAAGCTTAACCAGGTGGTTGTGAAATTTTGCAATTGATATGAAATATTTATTT;chr21
TTGGAGGGAAAATTACAATACTAGGTATTAAGACTACAGTTACTGCAACTCAAAAAGTATATAGAAAAGGGTGTGAATTATAAGTAGTTACAAAGTTCTGGGGCCCATTTAAGTCTGGGTATTATGTAGAAGCTTAACCAGGTGGTTGTGAAATTTTGCAATTGATATGAAATATTTATTT;4;23;156;TTGGAGGGAAAATTACAATACTATTTAAAGTGTTGGTGGACCAATTCGAAGATGTATTATGGGTCTGAATTTACCCGGGGTCTTGAAACATTGATGAATATTAAGTGTGGGAAAAGATATATGAAAAACTCAACGTCATTGACATCAGAATTATGGTGCAATTGATATGAAATATTTATTT;chr21
TTGGAGGGAAAATTACAATACTAGGTATTAAGACTACAGTTACTGCAACTCAAAAAGTATATAGAAAAGGGTGTGAATTATAAGTAGTTACAAAGTTCTGGGGCCCATTTAAGTCTGGGTATTATGTAGAAGCTTAACCAGGTGGTTGTGAAATTTTGCAATTGATATGAAATATTTATTT;2;6;170;TTGGAGGGAAAATTACAATACTAGGTATTAAGACTACAGTTACTGCAACTCAAAAAGTATATAGAAAAGGGTGTGAATTATAAGTAGTTACAAAGTTCTGGGGCCCATTTAAGTCTGGGTATTATGTAGAAGCTTAACCAGGTGGTTGTGAAATTTTGCAATTGATATGAGGAAAATTACAATACTAGGTATTAAGACTACAGTTACTGCAACTCAAAAAGTATATAGAAAAGGGTGTGAATTATAAGTAGTTACAAAGTTCTGGGGCCCATTTAAGTCTGGGTATTATGTAGAAGCTTAACCAGGTGGTTGTGAAATTTTGCAATTGATATGAAATATTTATTT;chr21
TTGGAGGGAAAATTACAATACTAGGTATTAAGACTACAGTTACTGCAACTCAAAAAGTATATAGAAAAGGGTGTGAATTATAAGTAGTTACAAAGTTCTGGGGCCCATTTAAGTCTGGGTATTATGTAGAAGCTTAACCAGGTGGTTGTGAAATTTTGCAATTGATATGAAATATTTATTT;3;158;245;TTGGAGGGAAAATTACAATACTAGGTATTAAGACTACAGTTACTGCAACTCAAAAAGTATATAGAAAAGGGTGTGAATTATAAGTAGTTACAAAGTTCTGGGGCCCATTTAAGTCTGGGTATTATGTAGAAGCTTAACCAGGTGGTTGTGAAATTTTGattgtagttcccacaatccccaggtgttgtggaagtgacctggttggaggtaattgaatcatgggcgttgttacccccatgctactcCAATTGATATGAAATATTTATTT;chr21
TTGGAGGGAAAATTACAATACTAGGTATTAAGACTACAGTTACTGCAACTCAAAAAGTATATAGAAAAGGGTGTGAATTATAAGTAGTTACAAAGTTCTGGGGCCCATTTAAGTCTGGGTATTATGTAGAAGCTTAACCAGGTGGTTGTGAAATTTTGCAATTGATATGAAATATTTATTT;3;42;176;TTGGAGGGAAAATTACAATACTAGGTATTAAGACTACAGTTATATGCAGAGAGAACCTGAAGCTTGCCTATTACTAACTGAAACATTTATTAAAGAGCTCCCCTACCCTCTGCAAACTCTTTTAGGTCTTGTTGCCAACAGATGGTTAGCTAATCCCTCAAAACCGTAAATGGTCTCTGCAACTCAAAAAGTATATAGAAAAGGGTGTGAATTATAAGTAGTTACAAAGTTCTGGGGCCCATTTAAGTCTGGGTATTATGTAGAAGCTTAACCAGGTGGTTGTGAAATTTTGCAATTGATATGAAATATTTATTT;chr21
TTGGAGGGAAAATTACAATACTAGGTATTAAGACTACAGTTACTGCAACTCAAAAAGTATATAGAAAAGGGTGTGAATTATAAGTAGTTACAAAGTTCTGGGGCCCATTTAAGTCTGGGTATTATGTAGAAGCTTAACCAGGTGGTTGTGAAATTTTGCAATTGATATGAAATATTTATTT;1;7;78;TTGGAGGTATAAGTAGTTACAAAGTTCTGGGGCCCATTTAAGTCTGGGTATTATGTAGAAGCTTAACCAGGTGGTTGTGAAATTTTGCAATTGATATGAAATATTTATTT;chr21
TTGGAGGGAAAATTACAATACTAGGTATTAAGACTACAGTTACTGCAACTCAAAAAGTATATAGAAAAGGGTGTGAATTATAAGTAGTTACAAAGTTCTGGGGCCCATTTAAGTCTGGGTATTATGTAGAAGCTTAACCAGGTGGTTGTGAAATTTTGCAATTGATATGAAATATTTATTT;2;9;161;TTGGAGGGAAAATTACAATACTAGGTATTAAGACTACAGTTACTGCAACTCAAAAAGTATATAGAAAAGGGTGTGAATTATAAGTAGTTACAAAGTTCTGGGGCCCATTTAAGTCTGGGTATTATGTAGAAGCTTAACCAGGTGGTTGTGAAATTTTGCAAAAATTACAATACTAGGTATTAAGACTACAGTTACTGCAACTCAAAAAGTATATAGAAAAGGGTGTGAATTATAAGTAGTTACAAAGTTCTGGGGCCCATTTAAGTCTGGGTATTATGTAGAAGCTTAACCAGGTGGTTGTGAAATTTTGCAATTGATATGAAATATTTATTT;chr21
TTGGAGGGAAAATTACAATACTAGGTATTAAGACTACAGTTACTGCAACTCAAAAAGTATATAGAAAAGGGTGTGAATTATAAGTAGTTACAAAGTTCTGGGGCCCATTTAAGTCTGGGTATTATGTAGAAGCTTAACCAGGTGGTTGTGAAATTTTGCAATTGATATGAAATATTTATTT;4;7;136;TTGGAGGATTCGAAGATGTATTATGGGTCTGAATTTACCCGGGGTCTTGAAACATTGATGAATATTAAGTGTGGGAAAAGATATATGAAAAACTCAACGTCATTGACATCAGAATTATGGATCATAACATTAAAAGACCAGGTGGTTGTGAAATTTTGCAATTGATATGAAATATTTATTT;chr21
TTGGAGGGAAAATTACAATACTAGGTATTAAGACTACAGTTACTGCAACTCAAAAAGTATATAGAAAAGGGTGTGAATTATAAGTAGTTACAAAGTTCTGGGGCCCATTTAAGTCTGGGTATTATGTAGAAGCTTAACCAGGTGGTTGTGAAATTTTGCAATTGATATGAAATATTTATTT;3;132;195;TTGGAGGGAAAATTACAATACTAGGTATTAAGACTACAGTTACTGCAACTCAAAAAGTATATAGAAAAGGGTGTGAATTATAAGTAGTTACAAAGTTCTGGGGCCCATTTAAGTCTGGGTATTATGTAGAAGatacatgcaataaaatctcacatgtacccaatTTACTTGTAAACACTTTTTTAAAAAAATAATCTTAACCAGGTGGTTGTGAAATTTTGCAATTGATATGAAATATTTATTT;chr21
TTGGAGGGAAAATTACAATACTAGGTATTAAGACTACAGTTACTGCAACTCAAAAAGTATATAGAAAAGGGTGTGAATTATAAGTAGTTACAAAGTTCTGGGGCCCATTTAAGTCTGGGTATTATGTAGAAGCTTAACCAGGTGGTTGTGAAATTTTGCAATTGATATGAAATATTTATTT;1;73;180;TTGGAGGGAAAATTACAATACTAGGTATTAAGACTACAGTTACTGCAACTCAAAAAGTATATAGAAAAGGGTGT;chr21
TTGGAGGGAAAATTACAATACTAGGTATTAAGACTACAGTTACTGCAACTCAAAAAGTATATAGAAAAGGGTGTGAATTATAAGTAGTTACAAAGTTCTGGGGCCCATTTAAGTCTGGGTATTATGTAGAAGCTTAACCAGGTGGTTGTGAAATTTTGCAATTGATATGAAATATTTATTT;2;102;160;TTGGAGGGAAAATTACAATACTAGGTATTAAGACTACAGTTACTGCAACTCAAAAAGTATATAGAAAAGGGTGTGAATTATAAGTAGTTACAAAGTTCTGGGGCCCATTTAAGTCTGGGTATTATGTAGAAGCTTAACCAGGTGGTTGTGAAATTTTGCAGCCCATTTAAGTCTGGGTATTATGTAGAAGCTTAACCAGGTGGTTGTGAAATTTTGCAATTGATATGAAATATTTATTT;chr21
